date,symbol,name,rank,foreign_net_lots
2026-10-06,2313,華通,1,18381.742
2026-10-06,1326,台化,2,13370.519
2026-10-06,2886,兆豐金,3,12514.743
2026-10-06,2605,新興,4,9995.332
2026-10-06,2891,中信金,5,9406.803
2026-10-06,8150,南茂,6,7948.693
2026-10-06,2885,元大金,7,7668.834
2026-10-06,2344,華邦電,8,7287.269
2026-10-06,2883,凱基金,9,7062.821
2026-10-06,6239,力成,10,6903.934
2026-10-06,9105,泰金寶-DR,11,6598.0
2026-10-06,1303,南亞,12,6555.053
2026-10-06,2884,玉山金,13,6247.532
2026-10-06,1802,台玻,14,5992.847
2026-10-06,2892,第一金,15,5711.88
2026-10-06,6257,矽格,16,5692.331
2026-10-06,2609,陽明,17,5172.03
2026-10-06,2303,聯電,18,4720.013
2026-10-06,4958,臻鼎-KY,19,4652.526
2026-10-06,1301,台塑,20,4003.006
2026-10-06,1314,中石化,21,3980.472
2026-10-06,4927,泰鼎-KY,22,3912.359
2026-10-06,4906,正文,23,3604.76
2026-10-06,1409,新纖,24,3125.007
2026-10-06,2887,台新新光金,25,3081.217
2026-10-06,3037,欣興,26,2956.844
2026-10-06,2412,中華電,27,2945.795
2026-10-06,2890,永豐金,28,2799.993
2026-10-06,1605,華新,29,2582.848
2026-10-06,2880,華南金,30,2551.358
2026-10-05,3231,緯創,1,24878.27
2026-10-05,2344,華邦電,2,22053.19
2026-10-05,0050,元大台灣50,3,19566.308
2026-10-05,2887,台新新光金,4,13700.689
2026-10-05,2317,鴻海,5,13072.342
2026-10-05,2481,強茂,6,12256.955
2026-10-05,2301,光寶科,7,11841.503
2026-10-05,2426,鼎元,8,9785.98
2026-10-05,2330,台積電,9,9770.52
2026-10-05,1718,中纖,10,8155.131
2026-10-05,2308,台達電,11,7962.966
2026-10-05,2313,華通,12,7879.903
2026-10-05,1303,南亞,13,7047.771
2026-10-05,1714,和桐,14,6575.43
2026-10-05,4958,臻鼎-KY,15,6264.346
2026-10-05,0052,富邦科技,16,5241.583
2026-10-05,6005,群益證,17,4837.159
2026-10-05,2412,中華電,18,4768.337
2026-10-05,2885,元大金,19,4059.265
2026-10-05,9933,中鼎,20,3958.657
2026-10-05,3037,欣興,21,3690.708
2026-10-05,2886,兆豐金,22,3598.995
2026-10-05,2340,台亞,23,3398.5
2026-10-05,1802,台玻,24,3253.226
2026-10-05,2376,技嘉,25,3143.592
2026-10-05,3711,日月光投控,26,3081.011
2026-10-05,2408,南亞科,27,3060.981
2026-10-05,6209,今國光,28,2936.204
2026-10-05,1605,華新,29,2805.54
2026-10-05,4989,榮科,30,2767.706
2026-10-02,2409,友達,1,81467.389
2026-10-02,6770,力積電,2,45435.88
2026-10-02,1326,台化,3,22015.353
2026-10-02,1301,台塑,4,15022.143
2026-10-02,4958,臻鼎-KY,5,14023.195
2026-10-02,2886,兆豐金,6,13683.716
2026-10-02,3714,富采,7,11334.577
2026-10-02,2492,華新科,8,10009.999
2026-10-02,1314,中石化,9,9720.717
2026-10-02,3576,聯合再生,10,8761.249
2026-10-02,2883,凱基金,11,8029.978
2026-10-02,2408,南亞科,12,7170.95
2026-10-02,6505,台塑化,13,6740.746
2026-10-02,6116,彩晶,14,6283.9
2026-10-02,1605,華新,15,6131.326
2026-10-02,9933,中鼎,16,6016.455
2026-10-02,2371,大同,17,5599.383
2026-10-02,8150,南茂,18,5499.673
2026-10-02,3037,欣興,19,5229.662
2026-10-02,2609,陽明,20,5141.071
2026-10-02,1718,中纖,21,4971.476
2026-10-02,1727,中華化,22,4868.069
2026-10-02,1303,南亞,23,4864.197
2026-10-02,1409,新纖,24,4862.718
2026-10-02,1802,台玻,25,4761.052
2026-10-02,2340,台亞,26,4653.095
2026-10-02,6120,達運,27,4396.429
2026-10-02,2412,中華電,28,4034.62
2026-10-02,1313,聯成,29,3684.696
2026-10-02,2542,興富發,30,3682.238
2026-10-01,3231,緯創,1,29330.374
2026-10-01,2303,聯電,2,25460.901
2026-10-01,2327,國巨*,3,23393.752
2026-10-01,2344,華邦電,4,16788.887
2026-10-01,2492,華新科,5,16492.161
2026-10-01,2886,兆豐金,6,14469.895
2026-10-01,2340,台亞,7,13333.025
2026-10-01,2481,強茂,8,9543.522
2026-10-01,1709,和益,9,5264.596
2026-10-01,2317,鴻海,10,5092.135
2026-10-01,1102,亞泥,11,4906.071
2026-10-01,3702,大聯大,12,4888.663
2026-10-01,2484,希華,13,4762.89
2026-10-01,5876,上海商銀,14,4589.365
2026-10-01,3706,神達,15,4372.052
2026-10-01,2412,中華電,16,3507.823
2026-10-01,6672,騰輝電子-KY,17,3269.059
2026-10-01,2347,聯強,18,3259.389
2026-10-01,2330,台積電,19,3090.73
2026-10-01,6533,晶心科,20,2486.873
2026-10-01,2030,彰源,21,2363.985
2026-10-01,3045,台灣大,22,2259.929
2026-10-01,2353,宏碁,23,2227.526
2026-10-01,8150,南茂,24,2192.731
2026-10-01,1402,遠東新,25,2104.889
2026-10-01,2801,彰銀,26,2006.588
2026-10-01,3167,大量,27,1966.437
2026-10-01,2302,麗正,28,1896.169
2026-10-01,3094,聯傑,29,1831.961
2026-10-01,3311,閎暉,30,1780.544
2026-09-30,3481,群創,1,99099.103
2026-09-30,2409,友達,2,67780.477
2026-09-30,6770,力積電,3,58591.449
2026-09-30,2002,中鋼,4,54063.9
2026-09-30,1101,台泥,5,52829.071
2026-09-30,1314,中石化,6,41405.059
2026-09-30,2344,華邦電,7,37711.465
2026-09-30,1301,台塑,8,29049.174
2026-09-30,8150,南茂,9,21838.869
2026-09-30,1605,華新,10,19092.89
2026-09-30,6116,彩晶,11,13194.494
2026-09-30,3576,聯合再生,12,12758.273
2026-09-30,2618,長榮航,13,12172.811
2026-09-30,2408,南亞科,14,11753.186
2026-09-30,2337,旺宏,15,10510.509
2026-09-30,1718,中纖,16,9595.285
2026-09-30,1312,國喬,17,8891.378
2026-09-30,1326,台化,18,8738.834
2026-09-30,2323,中環,19,8058.383
2026-09-30,1709,和益,20,6970.567
2026-09-30,2371,大同,21,6699.133
2026-09-30,2609,陽明,22,6595.103
2026-09-30,6456,GIS-KY,23,5754.197
2026-09-30,1802,台玻,24,5642.798
2026-09-30,2610,華航,25,5077.013
2026-09-30,2317,鴻海,26,4632.457
2026-09-30,1714,和桐,27,4552.821
2026-09-30,4763,材料*-KY,28,4392.582
2026-09-30,2354,鴻準,29,4190.775
2026-09-30,1409,新纖,30,4112.748
2026-10-07,1301,台塑,1,35668.335
2026-10-07,1605,華新,2,22628.111
2026-10-07,2344,華邦電,3,20530.198
2026-10-07,9105,泰金寶-DR,4,20323.7
2026-10-07,1802,台玻,5,17210.729
2026-10-07,1326,台化,6,15752.629
2026-10-07,1314,中石化,7,12600.578
2026-10-07,2883,凱基金,8,12143.128
2026-10-07,1303,南亞,9,11921.385
2026-10-07,2492,華新科,10,9934.53
2026-10-07,3481,群創,11,9504.83
2026-10-07,2882,國泰金,12,9200.103
2026-10-07,1216,統一,13,8871.216
2026-10-07,1312,國喬,14,8689.548
2026-10-07,9904,寶成,15,8503.819
2026-10-07,2515,中工,16,8350.825
2026-10-07,2887,台新新光金,17,7927.059
2026-10-07,2885,元大金,18,7686.361
2026-10-07,2886,兆豐金,19,7347.946
2026-10-07,1409,新纖,20,7110.74
2026-10-07,4958,臻鼎-KY,21,6652.329
2026-10-07,2812,台中銀,22,5913.356
2026-10-07,5880,合庫金,23,5770.157
2026-10-07,6209,今國光,24,5003.803
2026-10-07,6152,百一,25,4791.445
2026-10-07,1402,遠東新,26,4577.834
2026-10-07,2891,中信金,27,4404.797
2026-10-07,6456,GIS-KY,28,4383.402
2026-10-07,2542,興富發,29,4305.121
2026-10-07,1504,東元,30,4195.628
