date,symbol,broker,buy_lots,sell_lots,net_lots
2026-09-19,2330,台灣摩根士丹利,1807,1435,372
2026-09-19,2330,摩根大通,7768,2389,5379
2026-09-19,2330,美商高盛,3875,2551,1324
2026-09-19,2330,美林,729,1443,-714
2026-09-19,2330,新加坡商瑞銀,1678,1799,-121
2026-09-19,2317,台灣摩根士丹利,2481,4018,-1537
2026-09-19,2317,摩根大通,5349,9651,-4302
2026-09-19,2317,美商高盛,3729,1763,1966
2026-09-19,2317,美林,579,2486,-1907
2026-09-19,2317,花旗環球,4200,1735,2465
2026-09-19,2454,台灣摩根士丹利,800,354,446
2026-09-19,2454,摩根大通,1140,150,990
2026-09-19,2454,美商高盛,716,438,278
2026-09-19,2454,美林,512,185,327
2026-09-19,2454,新加坡商瑞銀,668,432,236
2026-09-19,2454,花旗環球,436,328,108
2026-09-19,2382,台灣摩根士丹利,2037,2718,-681
2026-09-19,2382,摩根大通,1090,1818,-728
2026-09-19,2382,美商高盛,1210,905,305
2026-09-19,2382,美林,1050,799,251
2026-09-19,2382,新加坡商瑞銀,384,1849,-1465
2026-09-19,2382,花旗環球,1057,4503,-3446
2026-09-19,3231,台灣摩根士丹利,3281,2469,812
2026-09-19,3231,摩根大通,3129,3907,-778
2026-09-19,3231,美商高盛,3337,3177,160
2026-09-19,3231,美林,832,1203,-371
2026-09-19,3231,新加坡商瑞銀,1621,3348,-1727
2026-09-19,3231,花旗環球,2857,2727,130
2026-09-19,2308,台灣摩根士丹利,1307,292,1015
2026-09-19,2308,摩根大通,1776,253,1523
2026-09-19,2308,美商高盛,2004,374,1630
2026-09-19,2308,美林,666,465,201
2026-09-19,2308,新加坡商瑞銀,585,755,-170
2026-09-19,2308,花旗環球,580,447,133
2026-09-19,3017,台灣摩根士丹利,205,313,-108
2026-09-19,3017,摩根大通,256,175,81
2026-09-19,3017,美商高盛,262,231,31
2026-09-19,3017,美林,101,135,-34
2026-09-19,3017,新加坡商瑞銀,230,386,-156
2026-09-19,3017,花旗環球,266,145,121
2026-09-19,2368,台灣摩根士丹利,415,585,-170
2026-09-19,2368,摩根大通,717,523,194
2026-09-19,2368,美商高盛,722,790,-68
2026-09-19,2368,美林,269,8,261
2026-09-19,2368,新加坡商瑞銀,291,423,-132
2026-09-19,2368,花旗環球,203,534,-331
2026-09-19,3189,台灣摩根士丹利,1393,874,519
2026-09-19,3189,摩根大通,702,866,-164
2026-09-19,3189,美商高盛,1149,1466,-317
2026-09-19,3189,美林,367,453,-86
2026-09-19,3189,新加坡商瑞銀,1594,683,911
2026-09-19,3189,花旗環球,447,34,413
2026-09-19,2327,台灣摩根士丹利,1942,1846,96
2026-09-19,2327,摩根大通,1606,1022,584
2026-09-19,2327,美商高盛,2816,1994,822
2026-09-19,2327,新加坡商瑞銀,515,1212,-697
2026-09-19,2327,花旗環球,599,377,222
2026-09-19,2344,台灣摩根士丹利,6834,4465,2369
2026-09-19,2344,摩根大通,4418,4105,313
2026-09-19,2344,美商高盛,8914,1985,6929
2026-09-19,2344,美林,5144,2062,3082
2026-09-19,2344,新加坡商瑞銀,26792,7805,18987
2026-09-19,2344,花旗環球,2522,802,1720
2026-09-19,2408,台灣摩根士丹利,6091,2612,3479
2026-09-19,2408,摩根大通,13628,1067,12561
2026-09-19,2408,美商高盛,4903,3205,1698
2026-09-19,2408,美林,5112,91,5021
2026-09-19,2408,新加坡商瑞銀,7269,4171,3098
2026-09-19,2408,花旗環球,584,327,257
2026-09-19,6770,台灣摩根士丹利,16755,1075,15680
2026-09-19,6770,摩根大通,30526,1242,29284
2026-09-19,6770,美商高盛,15672,2608,13064
2026-09-19,6770,美林,2467,5149,-2682
2026-09-19,6770,新加坡商瑞銀,8299,4674,3625
2026-09-19,3711,台灣摩根士丹利,2536,494,2042
2026-09-19,3711,摩根大通,3567,944,2623
2026-09-19,3711,美商高盛,2822,1608,1214
2026-09-19,3711,美林,651,337,314
2026-09-19,3711,新加坡商瑞銀,3523,4381,-858
2026-09-19,3711,花旗環球,1180,1470,-290
2026-09-19,3037,台灣摩根士丹利,2201,406,1795
2026-09-19,3037,摩根大通,1306,782,524
2026-09-19,3037,美商高盛,1132,1603,-471
2026-09-19,3037,美林,469,863,-394
2026-09-19,3037,新加坡商瑞銀,647,371,276
2026-09-19,3037,花旗環球,549,232,317
2026-09-19,6669,摩根大通,223,275,-52
2026-09-19,6669,美林,126,95,31
2026-09-19,6669,新加坡商瑞銀,46,77,-31
2026-09-19,6669,花旗環球,98,339,-241
2026-09-19,2376,台灣摩根士丹利,288,357,-69
2026-09-19,2376,摩根大通,334,218,116
2026-09-19,2376,美商高盛,257,188,69
2026-09-19,2376,美林,382,289,93
2026-09-19,2376,新加坡商瑞銀,246,412,-166
2026-09-19,2376,花旗環球,578,386,192
2026-09-19,2377,台灣摩根士丹利,295,429,-134
2026-09-19,2377,摩根大通,1053,183,870
2026-09-19,2377,新加坡商瑞銀,1044,1663,-619
2026-09-19,2377,花旗環球,125,176,-51
2026-09-19,2357,台灣摩根士丹利,451,268,183
2026-09-19,2357,摩根大通,443,219,224
2026-09-19,2357,美商高盛,373,500,-127
2026-09-19,2357,美林,21,34,-13
2026-09-19,2357,新加坡商瑞銀,181,229,-48
2026-09-19,2357,花旗環球,192,107,85
2026-09-19,3661,台灣摩根士丹利,559,94,465
2026-09-19,3661,摩根大通,424,112,312
2026-09-19,3661,美商高盛,876,35,841
2026-09-19,3661,美林,98,63,35
2026-09-19,3661,新加坡商瑞銀,932,126,806
2026-09-19,3661,花旗環球,81,118,-37
2026-09-18,2330,台灣摩根士丹利,1807,1435,372
2026-09-17,2330,台灣摩根士丹利,1931,1519,412
2026-09-16,2330,台灣摩根士丹利,485,3728,-3243
2026-09-15,2330,台灣摩根士丹利,509,603,-94
2026-09-14,2330,台灣摩根士丹利,686,1917,-1231
2026-09-11,2330,台灣摩根士丹利,729,1165,-436
2026-09-10,2330,台灣摩根士丹利,1147,1707,-560
2026-09-09,2330,台灣摩根士丹利,1435,950,485
2026-09-08,2330,台灣摩根士丹利,1665,1074,591
2026-09-07,2330,台灣摩根士丹利,1458,102,1356
2026-09-04,2330,台灣摩根士丹利,794,1849,-1055
2026-09-03,2330,台灣摩根士丹利,1377,1603,-226
2026-09-02,2330,台灣摩根士丹利,882,2516,-1634
2026-09-01,2330,台灣摩根士丹利,1533,718,815
2026-08-31,2330,台灣摩根士丹利,2820,1574,1246
2026-08-28,2330,台灣摩根士丹利,399,885,-486
2026-08-27,2330,台灣摩根士丹利,775,694,81
2026-08-26,2330,台灣摩根士丹利,1123,555,568
2026-08-25,2330,台灣摩根士丹利,2036,1883,153
2026-08-24,2330,台灣摩根士丹利,353,1698,-1345
2026-09-18,2330,摩根大通,7768,2389,5379
2026-09-17,2330,摩根大通,1199,1977,-778
2026-09-16,2330,摩根大通,1754,3914,-2160
2026-09-15,2330,摩根大通,869,1237,-368
2026-09-14,2330,摩根大通,879,1465,-586
2026-09-11,2330,摩根大通,1096,2424,-1328
2026-09-10,2330,摩根大通,2313,1558,755
2026-09-09,2330,摩根大通,1375,1810,-435
2026-09-08,2330,摩根大通,2947,1788,1159
2026-09-07,2330,摩根大通,4104,303,3801
2026-09-04,2330,摩根大通,1426,2738,-1312
2026-09-03,2330,摩根大通,1964,1956,8
2026-09-02,2330,摩根大通,1232,3254,-2022
2026-09-01,2330,摩根大通,2206,1450,756
2026-08-31,2330,摩根大通,2052,4379,-2327
2026-08-28,2330,摩根大通,2876,628,2248
2026-08-27,2330,摩根大通,1972,578,1394
2026-08-26,2330,摩根大通,1591,331,1260
2026-08-25,2330,摩根大通,1146,1321,-175
2026-08-24,2330,摩根大通,323,1517,-1194
2026-09-18,2330,美商高盛,3875,2551,1324
2026-09-17,2330,美商高盛,838,1726,-888
2026-09-16,2330,美商高盛,407,1379,-972
2026-09-15,2330,美商高盛,1267,1368,-101
2026-09-14,2330,美商高盛,239,1942,-1703
2026-09-11,2330,美商高盛,427,1254,-827
2026-09-10,2330,美商高盛,1215,1120,95
2026-09-09,2330,美商高盛,951,1652,-701
2026-09-08,2330,美商高盛,3969,1698,2271
2026-09-07,2330,美商高盛,2552,152,2400
2026-09-04,2330,美商高盛,946,1117,-171
2026-09-03,2330,美商高盛,752,891,-139
2026-09-02,2330,美商高盛,465,2508,-2043
2026-09-01,2330,美商高盛,1650,342,1308
2026-08-31,2330,美商高盛,375,3316,-2941
2026-08-28,2330,美商高盛,871,1001,-130
2026-08-27,2330,美商高盛,1981,1575,406
2026-08-26,2330,美商高盛,1058,1979,-921
2026-08-25,2330,美商高盛,511,538,-27
2026-08-24,2330,美商高盛,218,990,-772
2026-09-18,2330,美林,729,1443,-714
2026-09-17,2330,美林,1203,367,836
2026-09-16,2330,美林,1172,544,628
2026-09-15,2330,美林,641,544,97
2026-09-14,2330,美林,155,623,-468
2026-09-11,2330,美林,656,907,-251
2026-09-10,2330,美林,792,574,218
2026-09-09,2330,美林,1541,839,702
2026-09-08,2330,美林,1234,392,842
2026-09-07,2330,美林,1359,41,1318
2026-09-04,2330,美林,569,104,465
2026-09-03,2330,美林,239,354,-115
2026-09-02,2330,美林,246,2706,-2460
2026-09-01,2330,美林,921,504,417
2026-08-31,2330,美林,2336,1782,554
2026-08-28,2330,美林,756,722,34
2026-08-27,2330,美林,1724,442,1282
2026-08-26,2330,美林,1651,1560,91
2026-08-25,2330,美林,447,372,75
2026-08-24,2330,美林,333,974,-641
2026-09-18,2330,新加坡商瑞銀,1678,1799,-121
2026-09-17,2330,新加坡商瑞銀,1603,928,675
2026-09-16,2330,新加坡商瑞銀,1068,1149,-81
2026-09-15,2330,新加坡商瑞銀,1396,928,468
2026-09-14,2330,新加坡商瑞銀,499,2267,-1768
2026-09-11,2330,新加坡商瑞銀,249,972,-723
2026-09-10,2330,新加坡商瑞銀,559,792,-233
2026-09-09,2330,新加坡商瑞銀,1323,1449,-126
2026-09-08,2330,新加坡商瑞銀,1995,617,1378
2026-09-07,2330,新加坡商瑞銀,2894,443,2451
2026-09-04,2330,新加坡商瑞銀,964,951,13
2026-09-03,2330,新加坡商瑞銀,1192,905,287
2026-09-02,2330,新加坡商瑞銀,591,946,-355
2026-09-01,2330,新加坡商瑞銀,4413,1685,2728
2026-08-31,2330,新加坡商瑞銀,5074,2461,2613
2026-08-28,2330,新加坡商瑞銀,716,564,152
2026-08-27,2330,新加坡商瑞銀,720,549,171
2026-08-26,2330,新加坡商瑞銀,893,1414,-521
2026-08-25,2330,新加坡商瑞銀,701,1418,-717
2026-08-24,2330,新加坡商瑞銀,842,512,330
2026-09-18,2330,花旗環球,4938,5002,-64
2026-09-17,2330,花旗環球,1356,834,522
2026-09-16,2330,花旗環球,1112,852,260
2026-09-15,2330,花旗環球,587,2019,-1432
2026-09-14,2330,花旗環球,299,288,11
2026-09-11,2330,花旗環球,79,751,-672
2026-09-10,2330,花旗環球,525,757,-232
2026-09-09,2330,花旗環球,312,59,253
2026-09-08,2330,花旗環球,225,490,-265
2026-09-07,2330,花旗環球,406,56,350
2026-09-04,2330,花旗環球,1484,130,1354
2026-09-03,2330,花旗環球,249,1155,-906
2026-09-02,2330,花旗環球,182,648,-466
2026-09-01,2330,花旗環球,147,527,-380
2026-08-31,2330,花旗環球,1222,807,415
2026-08-28,2330,花旗環球,280,1167,-887
2026-08-27,2330,花旗環球,278,692,-414
2026-08-26,2330,花旗環球,889,1719,-830
2026-08-25,2330,花旗環球,544,1136,-592
2026-08-24,2330,花旗環球,720,753,-33
2026-09-18,2317,台灣摩根士丹利,2481,4018,-1537
2026-09-17,2317,台灣摩根士丹利,1562,573,989
2026-09-16,2317,台灣摩根士丹利,1143,1660,-517
2026-09-15,2317,台灣摩根士丹利,902,777,125
2026-09-14,2317,台灣摩根士丹利,962,3353,-2391
2026-09-11,2317,台灣摩根士丹利,889,2286,-1397
2026-09-10,2317,台灣摩根士丹利,2792,3609,-817
2026-09-09,2317,台灣摩根士丹利,1387,2609,-1222
2026-09-08,2317,台灣摩根士丹利,1008,4195,-3187
2026-09-07,2317,台灣摩根士丹利,939,1727,-788
2026-09-04,2317,台灣摩根士丹利,5940,255,5685
2026-09-03,2317,台灣摩根士丹利,2761,1638,1123
2026-09-02,2317,台灣摩根士丹利,2181,2255,-74
2026-09-01,2317,台灣摩根士丹利,3647,913,2734
2026-08-31,2317,台灣摩根士丹利,2694,950,1744
2026-08-28,2317,台灣摩根士丹利,2375,1376,999
2026-08-27,2317,台灣摩根士丹利,5945,992,4953
2026-08-26,2317,台灣摩根士丹利,833,960,-127
2026-08-25,2317,台灣摩根士丹利,1846,5719,-3873
2026-08-24,2317,台灣摩根士丹利,662,3101,-2439
2026-09-18,2317,摩根大通,5349,9651,-4302
2026-09-17,2317,摩根大通,2040,5098,-3058
2026-09-16,2317,摩根大通,1571,3114,-1543
2026-09-15,2317,摩根大通,803,2077,-1274
2026-09-14,2317,摩根大通,3228,614,2614
2026-09-11,2317,摩根大通,2004,4079,-2075
2026-09-10,2317,摩根大通,3579,5850,-2271
2026-09-09,2317,摩根大通,1367,1305,62
2026-09-08,2317,摩根大通,1847,6628,-4781
2026-09-07,2317,摩根大通,775,5520,-4745
2026-09-04,2317,摩根大通,6845,5439,1406
2026-09-03,2317,摩根大通,4064,4000,64
2026-09-02,2317,摩根大通,786,6766,-5980
2026-09-01,2317,摩根大通,3311,3830,-519
2026-08-31,2317,摩根大通,889,7070,-6181
2026-08-28,2317,摩根大通,845,4289,-3444
2026-08-27,2317,摩根大通,6303,1122,5181
2026-08-26,2317,摩根大通,859,1309,-450
2026-08-25,2317,摩根大通,1224,5305,-4081
2026-08-24,2317,摩根大通,495,4670,-4175
2026-09-18,2317,美商高盛,3729,1763,1966
2026-09-17,2317,美商高盛,2866,270,2596
2026-09-16,2317,美商高盛,2420,1244,1176
2026-09-15,2317,美商高盛,1172,1638,-466
2026-09-14,2317,美商高盛,1943,1708,235
2026-09-11,2317,美商高盛,1098,1117,-19
2026-09-10,2317,美商高盛,3059,2617,442
2026-09-09,2317,美商高盛,2113,334,1779
2026-09-08,2317,美商高盛,1956,2704,-748
2026-09-07,2317,美商高盛,1259,3651,-2392
2026-09-04,2317,美商高盛,2816,379,2437
2026-09-03,2317,美商高盛,1864,5680,-3816
2026-09-02,2317,美商高盛,2280,1268,1012
2026-09-01,2317,美商高盛,2723,451,2272
2026-08-31,2317,美商高盛,1975,2761,-786
2026-08-28,2317,美商高盛,1808,1467,341
2026-08-27,2317,美商高盛,2520,1604,916
2026-08-26,2317,美商高盛,1090,2415,-1325
2026-08-25,2317,美商高盛,1117,4000,-2883
2026-08-24,2317,美商高盛,874,1733,-859
2026-09-18,2317,美林,579,2486,-1907
2026-09-17,2317,美林,1616,233,1383
2026-09-16,2317,美林,1091,214,877
2026-09-15,2317,美林,258,207,51
2026-09-14,2317,美林,787,1156,-369
2026-09-11,2317,美林,604,894,-290
2026-09-10,2317,美林,1595,2067,-472
2026-09-09,2317,美林,875,411,464
2026-09-08,2317,美林,204,2982,-2778
2026-09-07,2317,美林,5264,490,4774
2026-09-04,2317,美林,4971,45,4926
2026-09-03,2317,美林,1496,656,840
2026-09-02,2317,美林,1154,436,718
2026-09-01,2317,美林,1148,48,1100
2026-08-31,2317,美林,1578,1079,499
2026-08-28,2317,美林,1471,499,972
2026-08-27,2317,美林,1407,400,1007
2026-08-26,2317,美林,1306,87,1219
2026-08-25,2317,美林,503,6331,-5828
2026-08-24,2317,美林,192,282,-90
2026-09-18,2317,新加坡商瑞銀,4231,4135,96
2026-09-17,2317,新加坡商瑞銀,3493,158,3335
2026-09-16,2317,新加坡商瑞銀,921,577,344
2026-09-15,2317,新加坡商瑞銀,704,917,-213
2026-09-14,2317,新加坡商瑞銀,1379,1974,-595
2026-09-11,2317,新加坡商瑞銀,1225,1742,-517
2026-09-10,2317,新加坡商瑞銀,2115,897,1218
2026-09-09,2317,新加坡商瑞銀,604,511,93
2026-09-08,2317,新加坡商瑞銀,1516,3182,-1666
2026-09-07,2317,新加坡商瑞銀,868,1911,-1043
2026-09-04,2317,新加坡商瑞銀,3832,1170,2662
2026-09-03,2317,新加坡商瑞銀,662,2056,-1394
2026-09-02,2317,新加坡商瑞銀,1360,1797,-437
2026-09-01,2317,新加坡商瑞銀,3843,719,3124
2026-08-31,2317,新加坡商瑞銀,7450,5738,1712
2026-08-28,2317,新加坡商瑞銀,808,427,381
2026-08-27,2317,新加坡商瑞銀,3441,320,3121
2026-08-26,2317,新加坡商瑞銀,745,2838,-2093
2026-08-25,2317,新加坡商瑞銀,899,829,70
2026-08-24,2317,新加坡商瑞銀,1502,3246,-1744
2026-09-18,2317,花旗環球,4200,1735,2465
2026-09-17,2317,花旗環球,1700,1297,403
2026-09-16,2317,花旗環球,728,2058,-1330
2026-09-15,2317,花旗環球,291,1617,-1326
2026-09-14,2317,花旗環球,52,313,-261
2026-09-11,2317,花旗環球,49,122,-73
2026-09-10,2317,花旗環球,534,176,358
2026-09-09,2317,花旗環球,1479,326,1153
2026-09-08,2317,花旗環球,438,15,423
2026-09-07,2317,花旗環球,592,122,470
2026-09-04,2317,花旗環球,961,40,921
2026-09-03,2317,花旗環球,291,377,-86
2026-09-02,2317,花旗環球,27,231,-204
2026-09-01,2317,花旗環球,1127,92,1035
2026-08-31,2317,花旗環球,1768,606,1162
2026-08-28,2317,花旗環球,334,674,-340
2026-08-27,2317,花旗環球,2349,613,1736
2026-08-26,2317,花旗環球,531,975,-444
2026-08-25,2317,花旗環球,848,290,558
2026-08-24,2317,花旗環球,741,622,119
2026-09-18,2454,台灣摩根士丹利,800,354,446
2026-09-17,2454,台灣摩根士丹利,418,527,-109
2026-09-16,2454,台灣摩根士丹利,569,164,405
2026-09-15,2454,台灣摩根士丹利,283,534,-251
2026-09-14,2454,台灣摩根士丹利,480,582,-102
2026-09-11,2454,台灣摩根士丹利,420,532,-112
2026-09-10,2454,台灣摩根士丹利,597,325,272
2026-09-09,2454,台灣摩根士丹利,310,437,-127
2026-09-08,2454,台灣摩根士丹利,594,344,250
2026-09-07,2454,台灣摩根士丹利,895,605,290
2026-09-04,2454,台灣摩根士丹利,322,544,-222
2026-09-03,2454,台灣摩根士丹利,692,345,347
2026-09-02,2454,台灣摩根士丹利,400,2278,-1878
2026-09-01,2454,台灣摩根士丹利,0,35,-35
2026-08-31,2454,台灣摩根士丹利,548,741,-193
2026-08-28,2454,台灣摩根士丹利,359,198,161
2026-08-27,2454,台灣摩根士丹利,247,479,-232
2026-08-26,2454,台灣摩根士丹利,447,337,110
2026-08-25,2454,台灣摩根士丹利,230,452,-222
2026-08-24,2454,台灣摩根士丹利,47,359,-312
2026-09-18,2454,摩根大通,1140,150,990
2026-09-17,2454,摩根大通,536,510,26
2026-09-16,2454,摩根大通,483,646,-163
2026-09-15,2454,摩根大通,347,237,110
2026-09-14,2454,摩根大通,405,476,-71
2026-09-11,2454,摩根大通,287,428,-141
2026-09-10,2454,摩根大通,808,446,362
2026-09-09,2454,摩根大通,278,259,19
2026-09-08,2454,摩根大通,295,283,12
2026-09-07,2454,摩根大通,618,587,31
2026-09-04,2454,摩根大通,457,380,77
2026-09-03,2454,摩根大通,468,355,113
2026-09-02,2454,摩根大通,1144,1445,-301
2026-09-01,2454,摩根大通,0,61,-61
2026-08-31,2454,摩根大通,265,702,-437
2026-08-28,2454,摩根大通,305,201,104
2026-08-27,2454,摩根大通,559,400,159
2026-08-26,2454,摩根大通,324,233,91
2026-08-25,2454,摩根大通,242,334,-92
2026-08-24,2454,摩根大通,122,147,-25
2026-09-18,2454,美商高盛,716,438,278
2026-09-17,2454,美商高盛,260,334,-74
2026-09-16,2454,美商高盛,384,256,128
2026-09-15,2454,美商高盛,273,718,-445
2026-09-14,2454,美商高盛,445,291,154
2026-09-11,2454,美商高盛,292,480,-188
2026-09-10,2454,美商高盛,460,389,71
2026-09-09,2454,美商高盛,306,413,-107
2026-09-08,2454,美商高盛,295,260,35
2026-09-07,2454,美商高盛,934,1061,-127
2026-09-04,2454,美商高盛,1962,589,1373
2026-09-03,2454,美商高盛,389,549,-160
2026-09-02,2454,美商高盛,949,1003,-54
2026-09-01,2454,美商高盛,0,19,-19
2026-08-31,2454,美商高盛,272,490,-218
2026-08-28,2454,美商高盛,250,262,-12
2026-08-27,2454,美商高盛,175,222,-47
2026-08-26,2454,美商高盛,611,467,144
2026-08-25,2454,美商高盛,104,195,-91
2026-08-24,2454,美商高盛,166,598,-432
2026-09-18,2454,美林,512,185,327
2026-09-17,2454,美林,400,83,317
2026-09-16,2454,美林,257,203,54
2026-09-15,2454,美林,85,260,-175
2026-09-14,2454,美林,293,256,37
2026-09-11,2454,美林,1019,375,644
2026-09-10,2454,美林,156,119,37
2026-09-09,2454,美林,236,450,-214
2026-09-08,2454,美林,243,191,52
2026-09-07,2454,美林,514,243,271
2026-09-04,2454,美林,133,48,85
2026-09-03,2454,美林,325,306,19
2026-09-02,2454,美林,2937,559,2378
2026-09-01,2454,美林,217,11,206
2026-08-31,2454,美林,375,375,0
2026-08-28,2454,美林,381,140,241
2026-08-27,2454,美林,194,684,-490
2026-08-26,2454,美林,209,1162,-953
2026-08-25,2454,美林,134,219,-85
2026-08-24,2454,美林,15,162,-147
2026-09-18,2454,新加坡商瑞銀,668,432,236
2026-09-17,2454,新加坡商瑞銀,183,306,-123
2026-09-16,2454,新加坡商瑞銀,255,344,-89
2026-09-15,2454,新加坡商瑞銀,201,647,-446
2026-09-14,2454,新加坡商瑞銀,542,116,426
2026-09-11,2454,新加坡商瑞銀,177,559,-382
2026-09-10,2454,新加坡商瑞銀,760,29,731
2026-09-09,2454,新加坡商瑞銀,119,113,6
2026-09-08,2454,新加坡商瑞銀,227,414,-187
2026-09-07,2454,新加坡商瑞銀,775,368,407
2026-09-04,2454,新加坡商瑞銀,218,261,-43
2026-09-03,2454,新加坡商瑞銀,1044,381,663
2026-09-02,2454,新加坡商瑞銀,1088,514,574
2026-09-01,2454,新加坡商瑞銀,24,130,-106
2026-08-31,2454,新加坡商瑞銀,765,1462,-697
2026-08-28,2454,新加坡商瑞銀,193,274,-81
2026-08-27,2454,新加坡商瑞銀,226,387,-161
2026-08-26,2454,新加坡商瑞銀,97,258,-161
2026-08-25,2454,新加坡商瑞銀,221,496,-275
2026-08-24,2454,新加坡商瑞銀,241,180,61
2026-09-18,2454,花旗環球,436,328,108
2026-09-17,2454,花旗環球,198,48,150
2026-09-16,2454,花旗環球,289,87,202
2026-09-15,2454,花旗環球,213,501,-288
2026-09-14,2454,花旗環球,15,199,-184
2026-09-11,2454,花旗環球,8,29,-21
2026-09-10,2454,花旗環球,307,198,109
2026-09-09,2454,花旗環球,58,164,-106
2026-09-08,2454,花旗環球,113,67,46
2026-09-07,2454,花旗環球,170,35,135
2026-09-04,2454,花旗環球,312,202,110
2026-09-03,2454,花旗環球,62,179,-117
2026-09-02,2454,花旗環球,182,158,24
2026-09-01,2454,花旗環球,1,102,-101
2026-08-31,2454,花旗環球,224,41,183
2026-08-28,2454,花旗環球,30,124,-94
2026-08-27,2454,花旗環球,108,146,-38
2026-08-26,2454,花旗環球,614,312,302
2026-08-25,2454,花旗環球,71,294,-223
2026-08-24,2454,花旗環球,78,72,6
2026-09-18,2382,台灣摩根士丹利,2037,2718,-681
2026-09-17,2382,台灣摩根士丹利,824,998,-174
2026-09-16,2382,台灣摩根士丹利,543,5582,-5039
2026-09-15,2382,台灣摩根士丹利,639,1248,-609
2026-09-14,2382,台灣摩根士丹利,1007,231,776
2026-09-11,2382,台灣摩根士丹利,1201,1472,-271
2026-09-10,2382,台灣摩根士丹利,419,630,-211
2026-09-09,2382,台灣摩根士丹利,1844,1627,217
2026-09-08,2382,台灣摩根士丹利,821,3794,-2973
2026-09-07,2382,台灣摩根士丹利,1252,1215,37
2026-09-04,2382,台灣摩根士丹利,2707,535,2172
2026-09-03,2382,台灣摩根士丹利,1108,746,362
2026-09-02,2382,台灣摩根士丹利,395,743,-348
2026-09-01,2382,台灣摩根士丹利,423,668,-245
2026-08-31,2382,台灣摩根士丹利,1600,449,1151
2026-08-28,2382,台灣摩根士丹利,1084,324,760
2026-08-27,2382,台灣摩根士丹利,832,163,669
2026-08-26,2382,台灣摩根士丹利,650,326,324
2026-08-25,2382,台灣摩根士丹利,442,542,-100
2026-08-24,2382,台灣摩根士丹利,541,94,447
2026-09-18,2382,摩根大通,1090,1818,-728
2026-09-17,2382,摩根大通,2487,349,2138
2026-09-16,2382,摩根大通,3257,973,2284
2026-09-15,2382,摩根大通,191,438,-247
2026-09-14,2382,摩根大通,379,250,129
2026-09-11,2382,摩根大通,1026,380,646
2026-09-10,2382,摩根大通,646,771,-125
2026-09-09,2382,摩根大通,1725,764,961
2026-09-08,2382,摩根大通,2470,4359,-1889
2026-09-07,2382,摩根大通,116,521,-405
2026-09-04,2382,摩根大通,1181,759,422
2026-09-03,2382,摩根大通,646,643,3
2026-09-02,2382,摩根大通,376,2183,-1807
2026-09-01,2382,摩根大通,792,544,248
2026-08-31,2382,摩根大通,1311,1914,-603
2026-08-28,2382,摩根大通,316,330,-14
2026-08-27,2382,摩根大通,1367,488,879
2026-08-26,2382,摩根大通,117,642,-525
2026-08-25,2382,摩根大通,169,1534,-1365
2026-08-24,2382,摩根大通,122,935,-813
2026-09-18,2382,美商高盛,1210,905,305
2026-09-17,2382,美商高盛,1562,916,646
2026-09-16,2382,美商高盛,786,1119,-333
2026-09-15,2382,美商高盛,397,577,-180
2026-09-14,2382,美商高盛,504,702,-198
2026-09-11,2382,美商高盛,542,967,-425
2026-09-10,2382,美商高盛,1341,1395,-54
2026-09-09,2382,美商高盛,2869,857,2012
2026-09-08,2382,美商高盛,775,3342,-2567
2026-09-07,2382,美商高盛,823,918,-95
2026-09-04,2382,美商高盛,2879,90,2789
2026-09-03,2382,美商高盛,1124,462,662
2026-09-02,2382,美商高盛,789,45,744
2026-09-01,2382,美商高盛,2298,361,1937
2026-08-31,2382,美商高盛,1568,1263,305
2026-08-28,2382,美商高盛,563,325,238
2026-08-27,2382,美商高盛,1723,300,1423
2026-08-26,2382,美商高盛,1012,68,944
2026-08-25,2382,美商高盛,640,516,124
2026-08-24,2382,美商高盛,541,54,487
2026-09-18,2382,美林,1050,799,251
2026-09-17,2382,美林,945,26,919
2026-09-16,2382,美林,1528,401,1127
2026-09-15,2382,美林,1138,91,1047
2026-09-14,2382,美林,520,437,83
2026-09-11,2382,美林,730,377,353
2026-09-10,2382,美林,162,507,-345
2026-09-09,2382,美林,1626,538,1088
2026-09-08,2382,美林,711,1126,-415
2026-09-07,2382,美林,401,734,-333
2026-09-04,2382,美林,1314,150,1164
2026-09-03,2382,美林,628,12,616
2026-09-02,2382,美林,436,238,198
2026-09-01,2382,美林,403,22,381
2026-08-31,2382,美林,1349,2768,-1419
2026-08-28,2382,美林,483,168,315
2026-08-27,2382,美林,737,423,314
2026-08-26,2382,美林,975,199,776
2026-08-25,2382,美林,662,297,365
2026-08-24,2382,美林,785,292,493
2026-09-18,2382,新加坡商瑞銀,384,1849,-1465
2026-09-17,2382,新加坡商瑞銀,324,715,-391
2026-09-16,2382,新加坡商瑞銀,1076,258,818
2026-09-15,2382,新加坡商瑞銀,1322,335,987
2026-09-14,2382,新加坡商瑞銀,407,86,321
2026-09-11,2382,新加坡商瑞銀,1672,459,1213
2026-09-10,2382,新加坡商瑞銀,607,255,352
2026-09-09,2382,新加坡商瑞銀,2007,321,1686
2026-09-08,2382,新加坡商瑞銀,1061,6220,-5159
2026-09-07,2382,新加坡商瑞銀,2698,1578,1120
2026-09-04,2382,新加坡商瑞銀,3256,65,3191
2026-09-03,2382,新加坡商瑞銀,1384,598,786
2026-09-02,2382,新加坡商瑞銀,812,94,718
2026-09-01,2382,新加坡商瑞銀,635,550,85
2026-08-31,2382,新加坡商瑞銀,1773,1228,545
2026-08-28,2382,新加坡商瑞銀,531,1499,-968
2026-08-27,2382,新加坡商瑞銀,735,386,349
2026-08-26,2382,新加坡商瑞銀,902,246,656
2026-08-25,2382,新加坡商瑞銀,386,519,-133
2026-08-24,2382,新加坡商瑞銀,438,169,269
2026-09-18,2382,花旗環球,1057,4503,-3446
2026-09-17,2382,花旗環球,862,26,836
2026-09-16,2382,花旗環球,1028,393,635
2026-09-15,2382,花旗環球,90,316,-226
2026-09-14,2382,花旗環球,13,49,-36
2026-09-11,2382,花旗環球,221,197,24
2026-09-10,2382,花旗環球,11,315,-304
2026-09-09,2382,花旗環球,608,85,523
2026-09-08,2382,花旗環球,671,3881,-3210
2026-09-07,2382,花旗環球,82,374,-292
2026-09-04,2382,花旗環球,430,204,226
2026-09-03,2382,花旗環球,267,341,-74
2026-09-02,2382,花旗環球,401,243,158
2026-09-01,2382,花旗環球,168,78,90
2026-08-31,2382,花旗環球,2305,575,1730
2026-08-28,2382,花旗環球,37,674,-637
2026-08-27,2382,花旗環球,174,323,-149
2026-08-26,2382,花旗環球,97,760,-663
2026-08-25,2382,花旗環球,340,76,264
2026-08-24,2382,花旗環球,379,271,108
2026-09-18,3231,台灣摩根士丹利,3281,2469,812
2026-09-17,3231,台灣摩根士丹利,3517,1240,2277
2026-09-16,3231,台灣摩根士丹利,118,2388,-2270
2026-09-15,3231,台灣摩根士丹利,1116,2594,-1478
2026-09-14,3231,台灣摩根士丹利,2031,2627,-596
2026-09-11,3231,台灣摩根士丹利,5322,632,4690
2026-09-10,3231,台灣摩根士丹利,1834,5414,-3580
2026-09-09,3231,台灣摩根士丹利,8609,642,7967
2026-09-08,3231,台灣摩根士丹利,3140,18868,-15728
2026-09-07,3231,台灣摩根士丹利,1726,4366,-2640
2026-09-04,3231,台灣摩根士丹利,4313,2845,1468
2026-09-03,3231,台灣摩根士丹利,7163,5826,1337
2026-09-02,3231,台灣摩根士丹利,5980,4913,1067
2026-09-01,3231,台灣摩根士丹利,3328,2322,1006
2026-08-31,3231,台灣摩根士丹利,3722,358,3364
2026-08-28,3231,台灣摩根士丹利,270,5665,-5395
2026-08-27,3231,台灣摩根士丹利,1683,5212,-3529
2026-08-26,3231,台灣摩根士丹利,2280,1533,747
2026-08-25,3231,台灣摩根士丹利,4503,10007,-5504
2026-08-24,3231,台灣摩根士丹利,1452,312,1140
2026-09-18,3231,摩根大通,3129,3907,-778
2026-09-17,3231,摩根大通,1698,4178,-2480
2026-09-16,3231,摩根大通,346,4039,-3693
2026-09-15,3231,摩根大通,1641,1092,549
2026-09-14,3231,摩根大通,581,6701,-6120
2026-09-11,3231,摩根大通,2526,5946,-3420
2026-09-10,3231,摩根大通,3827,5667,-1840
2026-09-09,3231,摩根大通,3089,2696,393
2026-09-08,3231,摩根大通,8048,6151,1897
2026-09-07,3231,摩根大通,4459,4132,327
2026-09-04,3231,摩根大通,7623,1281,6342
2026-09-03,3231,摩根大通,6663,1939,4724
2026-09-02,3231,摩根大通,6190,5670,520
2026-09-01,3231,摩根大通,1403,462,941
2026-08-31,3231,摩根大通,2358,3828,-1470
2026-08-28,3231,摩根大通,790,1043,-253
2026-08-27,3231,摩根大通,3290,3359,-69
2026-08-26,3231,摩根大通,520,733,-213
2026-08-25,3231,摩根大通,628,2049,-1421
2026-08-24,3231,摩根大通,897,2223,-1326
2026-09-18,3231,美商高盛,3337,3177,160
2026-09-17,3231,美商高盛,2693,999,1694
2026-09-16,3231,美商高盛,1454,2758,-1304
2026-09-15,3231,美商高盛,3380,1114,2266
2026-09-14,3231,美商高盛,1753,1283,470
2026-09-11,3231,美商高盛,3096,1481,1615
2026-09-10,3231,美商高盛,2461,16174,-13713
2026-09-09,3231,美商高盛,3990,4393,-403
2026-09-08,3231,美商高盛,4874,16690,-11816
2026-09-07,3231,美商高盛,1661,4676,-3015
2026-09-04,3231,美商高盛,6258,3182,3076
2026-09-03,3231,美商高盛,2942,4909,-1967
2026-09-02,3231,美商高盛,4438,3400,1038
2026-09-01,3231,美商高盛,3728,1682,2046
2026-08-31,3231,美商高盛,3386,4147,-761
2026-08-28,3231,美商高盛,1743,1352,391
2026-08-27,3231,美商高盛,5012,6360,-1348
2026-08-26,3231,美商高盛,2034,961,1073
2026-08-25,3231,美商高盛,5009,2375,2634
2026-08-24,3231,美商高盛,2850,247,2603
2026-09-18,3231,美林,832,1203,-371
2026-09-17,3231,美林,1007,396,611
2026-09-16,3231,美林,315,1794,-1479
2026-09-15,3231,美林,408,299,109
2026-09-14,3231,美林,307,715,-408
2026-09-11,3231,美林,727,215,512
2026-09-10,3231,美林,3987,3075,912
2026-09-09,3231,美林,4024,536,3488
2026-09-08,3231,美林,3108,4607,-1499
2026-09-07,3231,美林,201,995,-794
2026-09-04,3231,美林,2255,631,1624
2026-09-03,3231,美林,308,277,31
2026-09-02,3231,美林,630,948,-318
2026-09-01,3231,美林,135,1287,-1152
2026-08-31,3231,美林,1024,1493,-469
2026-08-28,3231,美林,67,539,-472
2026-08-27,3231,美林,3324,247,3077
2026-08-26,3231,美林,1083,158,925
2026-08-25,3231,美林,232,412,-180
2026-08-24,3231,美林,146,3854,-3708
2026-09-18,3231,新加坡商瑞銀,1621,3348,-1727
2026-09-17,3231,新加坡商瑞銀,1898,284,1614
2026-09-16,3231,新加坡商瑞銀,1800,2027,-227
2026-09-15,3231,新加坡商瑞銀,1198,2830,-1632
2026-09-14,3231,新加坡商瑞銀,960,4644,-3684
2026-09-11,3231,新加坡商瑞銀,3183,2069,1114
2026-09-10,3231,新加坡商瑞銀,1746,7429,-5683
2026-09-09,3231,新加坡商瑞銀,5503,2560,2943
2026-09-08,3231,新加坡商瑞銀,1772,8656,-6884
2026-09-07,3231,新加坡商瑞銀,1745,2591,-846
2026-09-04,3231,新加坡商瑞銀,2455,780,1675
2026-09-03,3231,新加坡商瑞銀,7064,8052,-988
2026-09-02,3231,新加坡商瑞銀,6435,1234,5201
2026-09-01,3231,新加坡商瑞銀,931,594,337
2026-08-31,3231,新加坡商瑞銀,4324,4710,-386
2026-08-28,3231,新加坡商瑞銀,810,2812,-2002
2026-08-27,3231,新加坡商瑞銀,3060,2496,564
2026-08-26,3231,新加坡商瑞銀,964,1004,-40
2026-08-25,3231,新加坡商瑞銀,3744,3373,371
2026-08-24,3231,新加坡商瑞銀,1235,417,818
2026-09-18,3231,花旗環球,2857,2727,130
2026-09-17,3231,花旗環球,678,203,475
2026-09-16,3231,花旗環球,3227,751,2476
2026-09-15,3231,花旗環球,113,574,-461
2026-09-14,3231,花旗環球,354,796,-442
2026-09-11,3231,花旗環球,449,2589,-2140
2026-09-10,3231,花旗環球,410,2236,-1826
2026-09-09,3231,花旗環球,61,6053,-5992
2026-09-08,3231,花旗環球,1475,3432,-1957
2026-09-07,3231,花旗環球,466,567,-101
2026-09-04,3231,花旗環球,3328,307,3021
2026-09-03,3231,花旗環球,966,1556,-590
2026-09-02,3231,花旗環球,50,2125,-2075
2026-09-01,3231,花旗環球,85,790,-705
2026-08-31,3231,花旗環球,1442,881,561
2026-08-28,3231,花旗環球,908,272,636
2026-08-27,3231,花旗環球,176,1044,-868
2026-08-26,3231,花旗環球,207,222,-15
2026-08-25,3231,花旗環球,66,752,-686
2026-08-24,3231,花旗環球,379,70,309
2026-09-18,2308,台灣摩根士丹利,1307,292,1015
2026-09-17,2308,台灣摩根士丹利,588,626,-38
2026-09-16,2308,台灣摩根士丹利,953,1366,-413
2026-09-15,2308,台灣摩根士丹利,1569,748,821
2026-09-14,2308,台灣摩根士丹利,866,227,639
2026-09-11,2308,台灣摩根士丹利,1399,2364,-965
2026-09-10,2308,台灣摩根士丹利,327,2167,-1840
2026-09-09,2308,台灣摩根士丹利,750,507,243
2026-09-08,2308,台灣摩根士丹利,476,525,-49
2026-09-07,2308,台灣摩根士丹利,527,601,-74
2026-09-04,2308,台灣摩根士丹利,718,427,291
2026-09-03,2308,台灣摩根士丹利,955,406,549
2026-09-02,2308,台灣摩根士丹利,254,2014,-1760
2026-09-01,2308,台灣摩根士丹利,207,244,-37
2026-08-31,2308,台灣摩根士丹利,509,385,124
2026-08-28,2308,台灣摩根士丹利,542,844,-302
2026-08-27,2308,台灣摩根士丹利,384,387,-3
2026-08-26,2308,台灣摩根士丹利,1434,790,644
2026-08-25,2308,台灣摩根士丹利,688,2035,-1347
2026-08-24,2308,台灣摩根士丹利,510,376,134
2026-09-18,2308,摩根大通,1776,253,1523
2026-09-17,2308,摩根大通,1115,783,332
2026-09-16,2308,摩根大通,411,444,-33
2026-09-15,2308,摩根大通,1014,150,864
2026-09-14,2308,摩根大通,897,197,700
2026-09-11,2308,摩根大通,1121,2684,-1563
2026-09-10,2308,摩根大通,350,1651,-1301
2026-09-09,2308,摩根大通,856,430,426
2026-09-08,2308,摩根大通,405,305,100
2026-09-07,2308,摩根大通,459,307,152
2026-09-04,2308,摩根大通,1215,143,1072
2026-09-03,2308,摩根大通,1494,369,1125
2026-09-02,2308,摩根大通,314,2074,-1760
2026-09-01,2308,摩根大通,585,681,-96
2026-08-31,2308,摩根大通,578,924,-346
2026-08-28,2308,摩根大通,2616,1758,858
2026-08-27,2308,摩根大通,1266,181,1085
2026-08-26,2308,摩根大通,498,496,2
2026-08-25,2308,摩根大通,746,642,104
2026-08-24,2308,摩根大通,189,233,-44
2026-09-18,2308,美商高盛,2004,374,1630
2026-09-17,2308,美商高盛,1053,442,611
2026-09-16,2308,美商高盛,1042,730,312
2026-09-15,2308,美商高盛,1837,1023,814
2026-09-14,2308,美商高盛,910,290,620
2026-09-11,2308,美商高盛,1619,1157,462
2026-09-10,2308,美商高盛,429,2765,-2336
2026-09-09,2308,美商高盛,535,871,-336
2026-09-08,2308,美商高盛,333,324,9
2026-09-07,2308,美商高盛,437,394,43
2026-09-04,2308,美商高盛,795,423,372
2026-09-03,2308,美商高盛,1056,266,790
2026-09-02,2308,美商高盛,163,1544,-1381
2026-09-01,2308,美商高盛,497,514,-17
2026-08-31,2308,美商高盛,403,1235,-832
2026-08-28,2308,美商高盛,774,774,0
2026-08-27,2308,美商高盛,473,578,-105
2026-08-26,2308,美商高盛,876,772,104
2026-08-25,2308,美商高盛,532,616,-84
2026-08-24,2308,美商高盛,399,360,39
2026-09-18,2308,美林,666,465,201
2026-09-17,2308,美林,307,174,133
2026-09-16,2308,美林,458,395,63
2026-09-15,2308,美林,327,474,-147
2026-09-14,2308,美林,203,450,-247
2026-09-11,2308,美林,111,391,-280
2026-09-10,2308,美林,259,1684,-1425
2026-09-09,2308,美林,212,484,-272
2026-09-08,2308,美林,224,91,133
2026-09-07,2308,美林,114,352,-238
2026-09-04,2308,美林,372,272,100
2026-09-03,2308,美林,515,158,357
2026-09-02,2308,美林,573,1034,-461
2026-09-01,2308,美林,187,577,-390
2026-08-31,2308,美林,481,313,168
2026-08-28,2308,美林,618,955,-337
2026-08-27,2308,美林,159,425,-266
2026-08-26,2308,美林,317,943,-626
2026-08-25,2308,美林,751,1769,-1018
2026-08-24,2308,美林,28,354,-326
2026-09-18,2308,新加坡商瑞銀,585,755,-170
2026-09-17,2308,新加坡商瑞銀,456,461,-5
2026-09-16,2308,新加坡商瑞銀,486,500,-14
2026-09-15,2308,新加坡商瑞銀,1108,1216,-108
2026-09-14,2308,新加坡商瑞銀,298,1753,-1455
2026-09-11,2308,新加坡商瑞銀,761,503,258
2026-09-10,2308,新加坡商瑞銀,66,994,-928
2026-09-09,2308,新加坡商瑞銀,270,243,27
2026-09-08,2308,新加坡商瑞銀,620,569,51
2026-09-07,2308,新加坡商瑞銀,462,609,-147
2026-09-04,2308,新加坡商瑞銀,681,325,356
2026-09-03,2308,新加坡商瑞銀,903,1035,-132
2026-09-02,2308,新加坡商瑞銀,152,624,-472
2026-09-01,2308,新加坡商瑞銀,624,364,260
2026-08-31,2308,新加坡商瑞銀,1146,1031,115
2026-08-28,2308,新加坡商瑞銀,510,423,87
2026-08-27,2308,新加坡商瑞銀,427,172,255
2026-08-26,2308,新加坡商瑞銀,735,279,456
2026-08-25,2308,新加坡商瑞銀,661,536,125
2026-08-24,2308,新加坡商瑞銀,389,329,60
2026-09-18,2308,花旗環球,580,447,133
2026-09-17,2308,花旗環球,206,129,77
2026-09-16,2308,花旗環球,102,351,-249
2026-09-15,2308,花旗環球,68,964,-896
2026-09-14,2308,花旗環球,8,119,-111
2026-09-11,2308,花旗環球,370,183,187
2026-09-10,2308,花旗環球,134,439,-305
2026-09-09,2308,花旗環球,415,25,390
2026-09-08,2308,花旗環球,197,182,15
2026-09-07,2308,花旗環球,135,17,118
2026-09-04,2308,花旗環球,114,39,75
2026-09-03,2308,花旗環球,376,1072,-696
2026-09-02,2308,花旗環球,71,179,-108
2026-09-01,2308,花旗環球,114,417,-303
2026-08-31,2308,花旗環球,1130,380,750
2026-08-28,2308,花旗環球,176,182,-6
2026-08-27,2308,花旗環球,154,109,45
2026-08-26,2308,花旗環球,103,272,-169
2026-08-25,2308,花旗環球,100,40,60
2026-08-24,2308,花旗環球,139,345,-206
2026-09-18,3017,台灣摩根士丹利,205,313,-108
2026-09-17,3017,台灣摩根士丹利,242,76,166
2026-09-16,3017,台灣摩根士丹利,195,185,10
2026-09-15,3017,台灣摩根士丹利,270,173,97
2026-09-14,3017,台灣摩根士丹利,210,34,176
2026-09-11,3017,台灣摩根士丹利,132,43,89
2026-09-10,3017,台灣摩根士丹利,123,98,25
2026-09-09,3017,台灣摩根士丹利,93,46,47
2026-09-08,3017,台灣摩根士丹利,241,168,73
2026-09-07,3017,台灣摩根士丹利,83,557,-474
2026-09-04,3017,台灣摩根士丹利,252,216,36
2026-09-03,3017,台灣摩根士丹利,388,194,194
2026-09-02,3017,台灣摩根士丹利,284,152,132
2026-09-01,3017,台灣摩根士丹利,248,371,-123
2026-08-31,3017,台灣摩根士丹利,550,348,202
2026-08-28,3017,台灣摩根士丹利,410,388,22
2026-08-27,3017,台灣摩根士丹利,258,387,-129
2026-08-26,3017,台灣摩根士丹利,199,535,-336
2026-08-25,3017,台灣摩根士丹利,125,271,-146
2026-08-24,3017,台灣摩根士丹利,303,99,204
2026-09-18,3017,摩根大通,256,175,81
2026-09-17,3017,摩根大通,106,122,-16
2026-09-16,3017,摩根大通,285,368,-83
2026-09-15,3017,摩根大通,247,229,18
2026-09-14,3017,摩根大通,206,68,138
2026-09-11,3017,摩根大通,83,169,-86
2026-09-10,3017,摩根大通,105,97,8
2026-09-09,3017,摩根大通,158,353,-195
2026-09-08,3017,摩根大通,196,268,-72
2026-09-07,3017,摩根大通,128,200,-72
2026-09-04,3017,摩根大通,118,251,-133
2026-09-03,3017,摩根大通,235,77,158
2026-09-02,3017,摩根大通,105,155,-50
2026-09-01,3017,摩根大通,196,217,-21
2026-08-31,3017,摩根大通,506,461,45
2026-08-28,3017,摩根大通,293,298,-5
2026-08-27,3017,摩根大通,339,154,185
2026-08-26,3017,摩根大通,172,222,-50
2026-08-25,3017,摩根大通,72,160,-88
2026-08-24,3017,摩根大通,74,100,-26
2026-09-18,3017,美商高盛,262,231,31
2026-09-17,3017,美商高盛,184,509,-325
2026-09-16,3017,美商高盛,429,276,153
2026-09-15,3017,美商高盛,410,124,286
2026-09-14,3017,美商高盛,226,165,61
2026-09-11,3017,美商高盛,183,128,55
2026-09-10,3017,美商高盛,241,200,41
2026-09-09,3017,美商高盛,203,135,68
2026-09-08,3017,美商高盛,290,95,195
2026-09-07,3017,美商高盛,98,284,-186
2026-09-04,3017,美商高盛,586,180,406
2026-09-03,3017,美商高盛,208,155,53
2026-09-02,3017,美商高盛,223,91,132
2026-09-01,3017,美商高盛,165,129,36
2026-08-31,3017,美商高盛,380,358,22
2026-08-28,3017,美商高盛,471,230,241
2026-08-27,3017,美商高盛,376,674,-298
2026-08-26,3017,美商高盛,331,592,-261
2026-08-25,3017,美商高盛,559,182,377
2026-08-24,3017,美商高盛,300,166,134
2026-09-18,3017,美林,101,135,-34
2026-09-17,3017,美林,61,285,-224
2026-09-16,3017,美林,81,411,-330
2026-09-15,3017,美林,28,68,-40
2026-09-14,3017,美林,28,65,-37
2026-09-11,3017,美林,122,49,73
2026-09-10,3017,美林,36,55,-19
2026-09-09,3017,美林,29,216,-187
2026-09-08,3017,美林,66,108,-42
2026-09-07,3017,美林,77,7,70
2026-09-04,3017,美林,105,83,22
2026-09-03,3017,美林,94,49,45
2026-09-02,3017,美林,32,36,-4
2026-09-01,3017,美林,42,198,-156
2026-08-31,3017,美林,96,110,-14
2026-08-28,3017,美林,81,100,-19
2026-08-27,3017,美林,53,76,-23
2026-08-26,3017,美林,211,299,-88
2026-08-25,3017,美林,140,149,-9
2026-08-24,3017,美林,22,95,-73
2026-09-18,3017,新加坡商瑞銀,230,386,-156
2026-09-17,3017,新加坡商瑞銀,434,121,313
2026-09-16,3017,新加坡商瑞銀,199,136,63
2026-09-15,3017,新加坡商瑞銀,262,74,188
2026-09-14,3017,新加坡商瑞銀,247,58,189
2026-09-11,3017,新加坡商瑞銀,229,351,-122
2026-09-10,3017,新加坡商瑞銀,120,126,-6
2026-09-09,3017,新加坡商瑞銀,171,152,19
2026-09-08,3017,新加坡商瑞銀,390,148,242
2026-09-07,3017,新加坡商瑞銀,148,188,-40
2026-09-04,3017,新加坡商瑞銀,194,183,11
2026-09-03,3017,新加坡商瑞銀,357,163,194
2026-09-02,3017,新加坡商瑞銀,255,157,98
2026-09-01,3017,新加坡商瑞銀,166,142,24
2026-08-31,3017,新加坡商瑞銀,679,528,151
2026-08-28,3017,新加坡商瑞銀,143,170,-27
2026-08-27,3017,新加坡商瑞銀,118,105,13
2026-08-26,3017,新加坡商瑞銀,57,221,-164
2026-08-25,3017,新加坡商瑞銀,115,268,-153
2026-08-24,3017,新加坡商瑞銀,96,69,27
2026-09-18,3017,花旗環球,266,145,121
2026-09-17,3017,花旗環球,175,188,-13
2026-09-16,3017,花旗環球,43,185,-142
2026-09-15,3017,花旗環球,30,103,-73
2026-09-14,3017,花旗環球,1,405,-404
2026-09-11,3017,花旗環球,19,5,14
2026-09-10,3017,花旗環球,49,29,20
2026-09-09,3017,花旗環球,21,2,19
2026-09-08,3017,花旗環球,36,83,-47
2026-09-07,3017,花旗環球,29,89,-60
2026-09-04,3017,花旗環球,30,10,20
2026-09-03,3017,花旗環球,3,183,-180
2026-09-02,3017,花旗環球,33,40,-7
2026-09-01,3017,花旗環球,9,146,-137
2026-08-31,3017,花旗環球,28,69,-41
2026-08-28,3017,花旗環球,10,32,-22
2026-08-27,3017,花旗環球,49,35,14
2026-08-26,3017,花旗環球,36,28,8
2026-08-25,3017,花旗環球,19,10,9
2026-08-24,3017,花旗環球,26,18,8
2026-09-18,2368,台灣摩根士丹利,415,585,-170
2026-09-17,2368,台灣摩根士丹利,383,693,-310
2026-09-16,2368,台灣摩根士丹利,180,625,-445
2026-09-15,2368,台灣摩根士丹利,359,344,15
2026-09-14,2368,台灣摩根士丹利,295,93,202
2026-09-11,2368,台灣摩根士丹利,440,70,370
2026-09-10,2368,台灣摩根士丹利,133,153,-20
2026-09-09,2368,台灣摩根士丹利,83,216,-133
2026-09-08,2368,台灣摩根士丹利,210,230,-20
2026-09-07,2368,台灣摩根士丹利,283,1055,-772
2026-09-04,2368,台灣摩根士丹利,381,713,-332
2026-09-03,2368,台灣摩根士丹利,662,438,224
2026-09-02,2368,台灣摩根士丹利,71,550,-479
2026-09-01,2368,台灣摩根士丹利,88,1175,-1087
2026-08-31,2368,台灣摩根士丹利,448,1036,-588
2026-08-28,2368,台灣摩根士丹利,400,376,24
2026-08-27,2368,台灣摩根士丹利,113,522,-409
2026-08-26,2368,台灣摩根士丹利,319,584,-265
2026-08-25,2368,台灣摩根士丹利,220,263,-43
2026-08-24,2368,台灣摩根士丹利,231,185,46
2026-09-18,2368,摩根大通,717,523,194
2026-09-17,2368,摩根大通,251,971,-720
2026-09-16,2368,摩根大通,143,386,-243
2026-09-15,2368,摩根大通,247,313,-66
2026-09-14,2368,摩根大通,230,184,46
2026-09-11,2368,摩根大通,197,206,-9
2026-09-10,2368,摩根大通,222,358,-136
2026-09-09,2368,摩根大通,225,227,-2
2026-09-08,2368,摩根大通,190,150,40
2026-09-07,2368,摩根大通,210,179,31
2026-09-04,2368,摩根大通,234,254,-20
2026-09-03,2368,摩根大通,335,138,197
2026-09-02,2368,摩根大通,60,316,-256
2026-09-01,2368,摩根大通,226,927,-701
2026-08-31,2368,摩根大通,543,1392,-849
2026-08-28,2368,摩根大通,1411,147,1264
2026-08-27,2368,摩根大通,156,107,49
2026-08-26,2368,摩根大通,300,243,57
2026-08-25,2368,摩根大通,313,694,-381
2026-08-24,2368,摩根大通,162,59,103
2026-09-18,2368,美商高盛,722,790,-68
2026-09-17,2368,美商高盛,286,1037,-751
2026-09-16,2368,美商高盛,326,224,102
2026-09-15,2368,美商高盛,218,275,-57
2026-09-14,2368,美商高盛,518,191,327
2026-09-11,2368,美商高盛,564,162,402
2026-09-10,2368,美商高盛,119,660,-541
2026-09-09,2368,美商高盛,253,828,-575
2026-09-08,2368,美商高盛,611,317,294
2026-09-07,2368,美商高盛,654,548,106
2026-09-04,2368,美商高盛,620,1091,-471
2026-09-03,2368,美商高盛,1468,1116,352
2026-09-02,2368,美商高盛,251,585,-334
2026-09-01,2368,美商高盛,501,1867,-1366
2026-08-31,2368,美商高盛,1898,1831,67
2026-08-28,2368,美商高盛,626,545,81
2026-08-27,2368,美商高盛,407,469,-62
2026-08-26,2368,美商高盛,582,380,202
2026-08-25,2368,美商高盛,657,135,522
2026-08-24,2368,美商高盛,441,276,165
2026-09-18,2368,美林,269,8,261
2026-09-17,2368,美林,271,746,-475
2026-09-16,2368,美林,245,311,-66
2026-09-15,2368,美林,53,168,-115
2026-09-14,2368,美林,222,49,173
2026-09-11,2368,美林,85,31,54
2026-09-10,2368,美林,61,40,21
2026-09-09,2368,美林,84,275,-191
2026-09-08,2368,美林,55,382,-327
2026-09-07,2368,美林,149,119,30
2026-09-04,2368,美林,185,500,-315
2026-09-03,2368,美林,355,69,286
2026-09-02,2368,美林,93,733,-640
2026-09-01,2368,美林,43,399,-356
2026-08-31,2368,美林,973,309,664
2026-08-28,2368,美林,304,856,-552
2026-08-27,2368,美林,94,11,83
2026-08-26,2368,美林,298,57,241
2026-08-25,2368,美林,283,116,167
2026-08-24,2368,美林,12,142,-130
2026-09-18,2368,新加坡商瑞銀,291,423,-132
2026-09-17,2368,新加坡商瑞銀,192,1085,-893
2026-09-16,2368,新加坡商瑞銀,185,178,7
2026-09-15,2368,新加坡商瑞銀,228,174,54
2026-09-14,2368,新加坡商瑞銀,375,189,186
2026-09-11,2368,新加坡商瑞銀,445,68,377
2026-09-10,2368,新加坡商瑞銀,320,206,114
2026-09-09,2368,新加坡商瑞銀,178,418,-240
2026-09-08,2368,新加坡商瑞銀,271,251,20
2026-09-07,2368,新加坡商瑞銀,255,230,25
2026-09-04,2368,新加坡商瑞銀,265,297,-32
2026-09-03,2368,新加坡商瑞銀,532,151,381
2026-09-02,2368,新加坡商瑞銀,268,294,-26
2026-09-01,2368,新加坡商瑞銀,184,470,-286
2026-08-31,2368,新加坡商瑞銀,1146,793,353
2026-08-28,2368,新加坡商瑞銀,270,388,-118
2026-08-27,2368,新加坡商瑞銀,153,160,-7
2026-08-26,2368,新加坡商瑞銀,183,350,-167
2026-08-25,2368,新加坡商瑞銀,288,283,5
2026-08-24,2368,新加坡商瑞銀,183,435,-252
2026-09-18,2368,花旗環球,203,534,-331
2026-09-17,2368,花旗環球,90,53,37
2026-09-16,2368,花旗環球,49,6,43
2026-09-15,2368,花旗環球,15,27,-12
2026-09-14,2368,花旗環球,218,2,216
2026-09-11,2368,花旗環球,249,289,-40
2026-09-10,2368,花旗環球,7,1,6
2026-09-09,2368,花旗環球,5,50,-45
2026-09-08,2368,花旗環球,1,316,-315
2026-09-07,2368,花旗環球,24,2,22
2026-09-04,2368,花旗環球,24,720,-696
2026-09-03,2368,花旗環球,0,201,-201
2026-09-02,2368,花旗環球,159,20,139
2026-09-01,2368,花旗環球,42,1,41
2026-08-31,2368,花旗環球,49,34,15
2026-08-28,2368,花旗環球,6,16,-10
2026-08-27,2368,花旗環球,38,351,-313
2026-08-26,2368,花旗環球,15,46,-31
2026-08-25,2368,花旗環球,15,21,-6
2026-08-24,2368,花旗環球,12,13,-1
2026-09-18,3189,台灣摩根士丹利,1393,874,519
2026-09-17,3189,台灣摩根士丹利,157,933,-776
2026-09-16,3189,台灣摩根士丹利,692,946,-254
2026-09-15,3189,台灣摩根士丹利,517,179,338
2026-09-14,3189,台灣摩根士丹利,489,517,-28
2026-09-11,3189,台灣摩根士丹利,447,411,36
2026-09-10,3189,台灣摩根士丹利,663,517,146
2026-09-09,3189,台灣摩根士丹利,1007,652,355
2026-09-08,3189,台灣摩根士丹利,436,584,-148
2026-09-07,3189,台灣摩根士丹利,451,829,-378
2026-09-04,3189,台灣摩根士丹利,1279,822,457
2026-09-03,3189,台灣摩根士丹利,480,1866,-1386
2026-09-02,3189,台灣摩根士丹利,748,651,97
2026-09-01,3189,台灣摩根士丹利,2838,992,1846
2026-08-31,3189,台灣摩根士丹利,1603,1937,-334
2026-08-28,3189,台灣摩根士丹利,710,1056,-346
2026-08-27,3189,台灣摩根士丹利,1275,640,635
2026-08-26,3189,台灣摩根士丹利,789,841,-52
2026-08-25,3189,台灣摩根士丹利,581,356,225
2026-08-24,3189,台灣摩根士丹利,329,846,-517
2026-09-18,3189,摩根大通,702,866,-164
2026-09-17,3189,摩根大通,52,291,-239
2026-09-16,3189,摩根大通,302,487,-185
2026-09-15,3189,摩根大通,239,170,69
2026-09-14,3189,摩根大通,386,252,134
2026-09-11,3189,摩根大通,35,216,-181
2026-09-10,3189,摩根大通,354,237,117
2026-09-09,3189,摩根大通,448,123,325
2026-09-08,3189,摩根大通,42,638,-596
2026-09-07,3189,摩根大通,88,624,-536
2026-09-04,3189,摩根大通,236,161,75
2026-09-03,3189,摩根大通,182,427,-245
2026-09-02,3189,摩根大通,393,159,234
2026-09-01,3189,摩根大通,596,246,350
2026-08-31,3189,摩根大通,471,1201,-730
2026-08-28,3189,摩根大通,591,1072,-481
2026-08-27,3189,摩根大通,852,673,179
2026-08-26,3189,摩根大通,395,846,-451
2026-08-25,3189,摩根大通,167,583,-416
2026-08-24,3189,摩根大通,92,742,-650
2026-09-18,3189,美商高盛,1149,1466,-317
2026-09-17,3189,美商高盛,639,1376,-737
2026-09-16,3189,美商高盛,748,465,283
2026-09-15,3189,美商高盛,444,466,-22
2026-09-14,3189,美商高盛,371,553,-182
2026-09-11,3189,美商高盛,983,283,700
2026-09-10,3189,美商高盛,859,160,699
2026-09-09,3189,美商高盛,1540,493,1047
2026-09-08,3189,美商高盛,421,508,-87
2026-09-07,3189,美商高盛,706,1201,-495
2026-09-04,3189,美商高盛,1947,1154,793
2026-09-03,3189,美商高盛,1739,2054,-315
2026-09-02,3189,美商高盛,1135,718,417
2026-09-01,3189,美商高盛,2894,495,2399
2026-08-31,3189,美商高盛,1208,2552,-1344
2026-08-28,3189,美商高盛,882,1813,-931
2026-08-27,3189,美商高盛,1610,1283,327
2026-08-26,3189,美商高盛,1005,1207,-202
2026-08-25,3189,美商高盛,619,562,57
2026-08-24,3189,美商高盛,344,1401,-1057
2026-09-18,3189,美林,367,453,-86
2026-09-17,3189,美林,179,399,-220
2026-09-16,3189,美林,301,80,221
2026-09-15,3189,美林,155,81,74
2026-09-14,3189,美林,101,165,-64
2026-09-11,3189,美林,147,110,37
2026-09-10,3189,美林,233,140,93
2026-09-09,3189,美林,233,139,94
2026-09-08,3189,美林,272,232,40
2026-09-07,3189,美林,94,336,-242
2026-09-04,3189,美林,294,468,-174
2026-09-03,3189,美林,66,660,-594
2026-09-02,3189,美林,74,122,-48
2026-09-01,3189,美林,158,143,15
2026-08-31,3189,美林,132,616,-484
2026-08-28,3189,美林,72,44,28
2026-08-27,3189,美林,891,70,821
2026-08-26,3189,美林,397,98,299
2026-08-25,3189,美林,30,161,-131
2026-08-24,3189,美林,6,27,-21
2026-09-18,3189,新加坡商瑞銀,1594,683,911
2026-09-17,3189,新加坡商瑞銀,231,1073,-842
2026-09-16,3189,新加坡商瑞銀,490,255,235
2026-09-15,3189,新加坡商瑞銀,321,198,123
2026-09-14,3189,新加坡商瑞銀,629,1027,-398
2026-09-11,3189,新加坡商瑞銀,559,374,185
2026-09-10,3189,新加坡商瑞銀,631,186,445
2026-09-09,3189,新加坡商瑞銀,418,204,214
2026-09-08,3189,新加坡商瑞銀,153,145,8
2026-09-07,3189,新加坡商瑞銀,72,482,-410
2026-09-04,3189,新加坡商瑞銀,232,605,-373
2026-09-03,3189,新加坡商瑞銀,153,633,-480
2026-09-02,3189,新加坡商瑞銀,532,200,332
2026-09-01,3189,新加坡商瑞銀,1584,377,1207
2026-08-31,3189,新加坡商瑞銀,731,1752,-1021
2026-08-28,3189,新加坡商瑞銀,614,891,-277
2026-08-27,3189,新加坡商瑞銀,1306,440,866
2026-08-26,3189,新加坡商瑞銀,714,694,20
2026-08-25,3189,新加坡商瑞銀,305,527,-222
2026-08-24,3189,新加坡商瑞銀,214,300,-86
2026-09-18,3189,花旗環球,447,34,413
2026-09-17,3189,花旗環球,6,46,-40
2026-09-16,3189,花旗環球,55,26,29
2026-09-15,3189,花旗環球,73,25,48
2026-09-14,3189,花旗環球,22,6,16
2026-09-11,3189,花旗環球,18,21,-3
2026-09-10,3189,花旗環球,15,26,-11
2026-09-09,3189,花旗環球,1,1,0
2026-09-08,3189,花旗環球,5,0,5
2026-09-07,3189,花旗環球,35,12,23
2026-09-04,3189,花旗環球,133,188,-55
2026-09-03,3189,花旗環球,71,61,10
2026-09-02,3189,花旗環球,15,84,-69
2026-09-01,3189,花旗環球,107,9,98
2026-08-31,3189,花旗環球,7,57,-50
2026-08-28,3189,花旗環球,22,60,-38
2026-08-27,3189,花旗環球,23,39,-16
2026-08-26,3189,花旗環球,17,30,-13
2026-08-25,3189,花旗環球,0,16,-16
2026-08-24,3189,花旗環球,38,16,22
2026-09-18,2327,台灣摩根士丹利,1942,1846,96
2026-09-17,2327,台灣摩根士丹利,527,598,-71
2026-09-16,2327,台灣摩根士丹利,1773,2273,-500
2026-09-15,2327,台灣摩根士丹利,1196,1630,-434
2026-09-14,2327,台灣摩根士丹利,2570,597,1973
2026-09-11,2327,台灣摩根士丹利,2333,965,1368
2026-09-10,2327,台灣摩根士丹利,2186,2249,-63
2026-09-09,2327,台灣摩根士丹利,1474,1611,-137
2026-09-08,2327,台灣摩根士丹利,1930,3709,-1779
2026-09-07,2327,台灣摩根士丹利,1785,1746,39
2026-09-04,2327,台灣摩根士丹利,7344,745,6599
2026-09-03,2327,台灣摩根士丹利,1548,1717,-169
2026-09-02,2327,台灣摩根士丹利,174,5214,-5040
2026-09-01,2327,台灣摩根士丹利,4046,994,3052
2026-08-31,2327,台灣摩根士丹利,892,6891,-5999
2026-08-28,2327,台灣摩根士丹利,3147,4171,-1024
2026-08-27,2327,台灣摩根士丹利,2908,4285,-1377
2026-08-26,2327,台灣摩根士丹利,1874,3243,-1369
2026-08-25,2327,台灣摩根士丹利,1875,2450,-575
2026-08-24,2327,台灣摩根士丹利,1698,1284,414
2026-09-18,2327,摩根大通,1606,1022,584
2026-09-17,2327,摩根大通,711,2032,-1321
2026-09-16,2327,摩根大通,414,1180,-766
2026-09-15,2327,摩根大通,701,962,-261
2026-09-14,2327,摩根大通,512,1324,-812
2026-09-11,2327,摩根大通,271,597,-326
2026-09-10,2327,摩根大通,690,2386,-1696
2026-09-09,2327,摩根大通,534,1330,-796
2026-09-08,2327,摩根大通,738,1121,-383
2026-09-07,2327,摩根大通,3826,1512,2314
2026-09-04,2327,摩根大通,2009,994,1015
2026-09-03,2327,摩根大通,369,1511,-1142
2026-09-02,2327,摩根大通,159,3158,-2999
2026-09-01,2327,摩根大通,1061,902,159
2026-08-31,2327,摩根大通,811,1840,-1029
2026-08-28,2327,摩根大通,2944,1626,1318
2026-08-27,2327,摩根大通,972,2048,-1076
2026-08-26,2327,摩根大通,310,1204,-894
2026-08-25,2327,摩根大通,244,322,-78
2026-08-24,2327,摩根大通,417,454,-37
2026-09-18,2327,美商高盛,2816,1994,822
2026-09-17,2327,美商高盛,679,1622,-943
2026-09-16,2327,美商高盛,1024,1614,-590
2026-09-15,2327,美商高盛,1393,664,729
2026-09-14,2327,美商高盛,2777,1024,1753
2026-09-11,2327,美商高盛,1281,5327,-4046
2026-09-10,2327,美商高盛,2503,3338,-835
2026-09-09,2327,美商高盛,1381,2256,-875
2026-09-08,2327,美商高盛,2151,2651,-500
2026-09-07,2327,美商高盛,3235,3700,-465
2026-09-04,2327,美商高盛,4293,344,3949
2026-09-03,2327,美商高盛,659,2607,-1948
2026-09-02,2327,美商高盛,517,3576,-3059
2026-09-01,2327,美商高盛,1965,2299,-334
2026-08-31,2327,美商高盛,1373,4924,-3551
2026-08-28,2327,美商高盛,1994,6239,-4245
2026-08-27,2327,美商高盛,1955,3122,-1167
2026-08-26,2327,美商高盛,1376,2181,-805
2026-08-25,2327,美商高盛,1664,2249,-585
2026-08-24,2327,美商高盛,1327,1520,-193
2026-09-18,2327,美林,310,327,-17
2026-09-17,2327,美林,621,268,353
2026-09-16,2327,美林,1161,3801,-2640
2026-09-15,2327,美林,650,92,558
2026-09-14,2327,美林,628,159,469
2026-09-11,2327,美林,805,446,359
2026-09-10,2327,美林,1231,300,931
2026-09-09,2327,美林,64,1050,-986
2026-09-08,2327,美林,154,235,-81
2026-09-07,2327,美林,518,813,-295
2026-09-04,2327,美林,1548,1113,435
2026-09-03,2327,美林,76,481,-405
2026-09-02,2327,美林,79,1094,-1015
2026-09-01,2327,美林,1200,431,769
2026-08-31,2327,美林,392,928,-536
2026-08-28,2327,美林,1138,357,781
2026-08-27,2327,美林,437,371,66
2026-08-26,2327,美林,156,109,47
2026-08-25,2327,美林,499,132,367
2026-08-24,2327,美林,94,1041,-947
2026-09-18,2327,新加坡商瑞銀,515,1212,-697
2026-09-17,2327,新加坡商瑞銀,202,182,20
2026-09-16,2327,新加坡商瑞銀,345,1211,-866
2026-09-15,2327,新加坡商瑞銀,527,682,-155
2026-09-14,2327,新加坡商瑞銀,670,277,393
2026-09-11,2327,新加坡商瑞銀,635,629,6
2026-09-10,2327,新加坡商瑞銀,1004,1551,-547
2026-09-09,2327,新加坡商瑞銀,497,1014,-517
2026-09-08,2327,新加坡商瑞銀,600,1362,-762
2026-09-07,2327,新加坡商瑞銀,2081,2177,-96
2026-09-04,2327,新加坡商瑞銀,5330,1697,3633
2026-09-03,2327,新加坡商瑞銀,924,1237,-313
2026-09-02,2327,新加坡商瑞銀,129,1778,-1649
2026-09-01,2327,新加坡商瑞銀,5240,942,4298
2026-08-31,2327,新加坡商瑞銀,2828,3023,-195
2026-08-28,2327,新加坡商瑞銀,1776,1747,29
2026-08-27,2327,新加坡商瑞銀,1563,1845,-282
2026-08-26,2327,新加坡商瑞銀,732,815,-83
2026-08-25,2327,新加坡商瑞銀,1583,570,1013
2026-08-24,2327,新加坡商瑞銀,906,1174,-268
2026-09-18,2327,花旗環球,599,377,222
2026-09-17,2327,花旗環球,349,64,285
2026-09-16,2327,花旗環球,86,67,19
2026-09-15,2327,花旗環球,162,138,24
2026-09-14,2327,花旗環球,144,5,139
2026-09-11,2327,花旗環球,6,199,-193
2026-09-10,2327,花旗環球,247,208,39
2026-09-09,2327,花旗環球,139,49,90
2026-09-08,2327,花旗環球,1131,189,942
2026-09-07,2327,花旗環球,673,4,669
2026-09-04,2327,花旗環球,168,13,155
2026-09-03,2327,花旗環球,28,89,-61
2026-09-02,2327,花旗環球,12,242,-230
2026-09-01,2327,花旗環球,152,107,45
2026-08-31,2327,花旗環球,952,524,428
2026-08-28,2327,花旗環球,135,174,-39
2026-08-27,2327,花旗環球,302,224,78
2026-08-26,2327,花旗環球,128,207,-79
2026-08-25,2327,花旗環球,146,115,31
2026-08-24,2327,花旗環球,228,149,79
2026-09-18,2344,台灣摩根士丹利,6834,4465,2369
2026-09-17,2344,台灣摩根士丹利,7656,5675,1981
2026-09-16,2344,台灣摩根士丹利,5495,4769,726
2026-09-15,2344,台灣摩根士丹利,5000,3053,1947
2026-09-14,2344,台灣摩根士丹利,2121,14154,-12033
2026-09-11,2344,台灣摩根士丹利,1111,13197,-12086
2026-09-10,2344,台灣摩根士丹利,3368,4337,-969
2026-09-09,2344,台灣摩根士丹利,1342,13614,-12272
2026-09-08,2344,台灣摩根士丹利,29485,902,28583
2026-09-07,2344,台灣摩根士丹利,8576,2651,5925
2026-09-04,2344,台灣摩根士丹利,3671,6859,-3188
2026-09-03,2344,台灣摩根士丹利,5807,13195,-7388
2026-09-02,2344,台灣摩根士丹利,4978,3101,1877
2026-09-01,2344,台灣摩根士丹利,1275,11395,-10120
2026-08-31,2344,台灣摩根士丹利,7734,33739,-26005
2026-08-28,2344,台灣摩根士丹利,4097,12200,-8103
2026-08-27,2344,台灣摩根士丹利,9380,2601,6779
2026-08-26,2344,台灣摩根士丹利,3977,1554,2423
2026-08-25,2344,台灣摩根士丹利,1177,3435,-2258
2026-08-24,2344,台灣摩根士丹利,3024,4913,-1889
2026-09-18,2344,摩根大通,4418,4105,313
2026-09-17,2344,摩根大通,2054,6759,-4705
2026-09-16,2344,摩根大通,1726,4268,-2542
2026-09-15,2344,摩根大通,872,3999,-3127
2026-09-14,2344,摩根大通,377,10973,-10596
2026-09-11,2344,摩根大通,658,4146,-3488
2026-09-10,2344,摩根大通,2339,3149,-810
2026-09-09,2344,摩根大通,1234,11833,-10599
2026-09-08,2344,摩根大通,16714,1022,15692
2026-09-07,2344,摩根大通,8590,899,7691
2026-09-04,2344,摩根大通,2732,4355,-1623
2026-09-03,2344,摩根大通,3236,9774,-6538
2026-09-02,2344,摩根大通,1516,1656,-140
2026-09-01,2344,摩根大通,1161,7012,-5851
2026-08-31,2344,摩根大通,26040,74166,-48126
2026-08-28,2344,摩根大通,2596,2678,-82
2026-08-27,2344,摩根大通,5974,942,5032
2026-08-26,2344,摩根大通,1361,1290,71
2026-08-25,2344,摩根大通,1088,3621,-2533
2026-08-24,2344,摩根大通,422,2064,-1642
2026-09-18,2344,美商高盛,8914,1985,6929
2026-09-17,2344,美商高盛,3084,5866,-2782
2026-09-16,2344,美商高盛,6353,1427,4926
2026-09-15,2344,美商高盛,1885,1453,432
2026-09-14,2344,美商高盛,644,6344,-5700
2026-09-11,2344,美商高盛,1816,7900,-6084
2026-09-10,2344,美商高盛,3693,7782,-4089
2026-09-09,2344,美商高盛,2406,19287,-16881
2026-09-08,2344,美商高盛,21998,3854,18144
2026-09-07,2344,美商高盛,8915,2331,6584
2026-09-04,2344,美商高盛,3087,2125,962
2026-09-03,2344,美商高盛,3099,7455,-4356
2026-09-02,2344,美商高盛,5014,2385,2629
2026-09-01,2344,美商高盛,1008,11698,-10690
2026-08-31,2344,美商高盛,7510,68520,-61010
2026-08-28,2344,美商高盛,4918,7084,-2166
2026-08-27,2344,美商高盛,12475,3543,8932
2026-08-26,2344,美商高盛,4620,3114,1506
2026-08-25,2344,美商高盛,6677,6439,238
2026-08-24,2344,美商高盛,5849,4659,1190
2026-09-18,2344,美林,5144,2062,3082
2026-09-17,2344,美林,2736,1616,1120
2026-09-16,2344,美林,4200,247,3953
2026-09-15,2344,美林,1645,1369,276
2026-09-14,2344,美林,763,3020,-2257
2026-09-11,2344,美林,681,2644,-1963
2026-09-10,2344,美林,1043,804,239
2026-09-09,2344,美林,974,2215,-1241
2026-09-08,2344,美林,8673,1631,7042
2026-09-07,2344,美林,7822,556,7266
2026-09-04,2344,美林,3413,2939,474
2026-09-03,2344,美林,3653,2134,1519
2026-09-02,2344,美林,1558,1657,-99
2026-09-01,2344,美林,831,10422,-9591
2026-08-31,2344,美林,11125,5007,6118
2026-08-28,2344,美林,939,6985,-6046
2026-08-27,2344,美林,3919,2787,1132
2026-08-26,2344,美林,3190,3616,-426
2026-08-25,2344,美林,990,2947,-1957
2026-08-24,2344,美林,1332,2313,-981
2026-09-18,2344,新加坡商瑞銀,26792,7805,18987
2026-09-17,2344,新加坡商瑞銀,6035,6320,-285
2026-09-16,2344,新加坡商瑞銀,4438,1896,2542
2026-09-15,2344,新加坡商瑞銀,2991,3370,-379
2026-09-14,2344,新加坡商瑞銀,2019,8206,-6187
2026-09-11,2344,新加坡商瑞銀,1917,3853,-1936
2026-09-10,2344,新加坡商瑞銀,1783,2398,-615
2026-09-09,2344,新加坡商瑞銀,3357,12367,-9010
2026-09-08,2344,新加坡商瑞銀,11086,2396,8690
2026-09-07,2344,新加坡商瑞銀,9401,791,8610
2026-09-04,2344,新加坡商瑞銀,6324,3987,2337
2026-09-03,2344,新加坡商瑞銀,7924,9547,-1623
2026-09-02,2344,新加坡商瑞銀,7488,5483,2005
2026-09-01,2344,新加坡商瑞銀,2117,9762,-7645
2026-08-31,2344,新加坡商瑞銀,139294,50566,88728
2026-08-28,2344,新加坡商瑞銀,10308,8503,1805
2026-08-27,2344,新加坡商瑞銀,14145,5634,8511
2026-08-26,2344,新加坡商瑞銀,11728,3481,8247
2026-08-25,2344,新加坡商瑞銀,12504,5632,6872
2026-08-24,2344,新加坡商瑞銀,12644,8259,4385
2026-09-18,2344,花旗環球,2522,802,1720
2026-09-17,2344,花旗環球,712,786,-74
2026-09-16,2344,花旗環球,2451,99,2352
2026-09-15,2344,花旗環球,174,272,-98
2026-09-14,2344,花旗環球,179,751,-572
2026-09-11,2344,花旗環球,87,84,3
2026-09-10,2344,花旗環球,680,14,666
2026-09-09,2344,花旗環球,891,55,836
2026-09-08,2344,花旗環球,231,235,-4
2026-09-07,2344,花旗環球,310,0,310
2026-09-04,2344,花旗環球,411,15,396
2026-09-03,2344,花旗環球,1726,958,768
2026-09-02,2344,花旗環球,241,75,166
2026-09-01,2344,花旗環球,80,469,-389
2026-08-31,2344,花旗環球,25307,5030,20277
2026-08-28,2344,花旗環球,60,255,-195
2026-08-27,2344,花旗環球,338,630,-292
2026-08-26,2344,花旗環球,755,884,-129
2026-08-25,2344,花旗環球,809,535,274
2026-08-24,2344,花旗環球,93,483,-390
2026-09-18,2408,台灣摩根士丹利,6091,2612,3479
2026-09-17,2408,台灣摩根士丹利,3561,2783,778
2026-09-16,2408,台灣摩根士丹利,3421,2419,1002
2026-09-15,2408,台灣摩根士丹利,980,5067,-4087
2026-09-14,2408,台灣摩根士丹利,2863,3650,-787
2026-09-11,2408,台灣摩根士丹利,967,6010,-5043
2026-09-10,2408,台灣摩根士丹利,2246,2613,-367
2026-09-09,2408,台灣摩根士丹利,1576,3387,-1811
2026-09-08,2408,台灣摩根士丹利,10101,278,9823
2026-09-07,2408,台灣摩根士丹利,6933,3699,3234
2026-09-04,2408,台灣摩根士丹利,5476,5121,355
2026-09-03,2408,台灣摩根士丹利,2762,7819,-5057
2026-09-02,2408,台灣摩根士丹利,6013,967,5046
2026-09-01,2408,台灣摩根士丹利,812,10197,-9385
2026-08-31,2408,台灣摩根士丹利,9909,13676,-3767
2026-08-28,2408,台灣摩根士丹利,5636,5361,275
2026-08-27,2408,台灣摩根士丹利,6535,1188,5347
2026-08-26,2408,台灣摩根士丹利,2458,2021,437
2026-08-25,2408,台灣摩根士丹利,2856,3652,-796
2026-08-24,2408,台灣摩根士丹利,1080,3711,-2631
2026-09-18,2408,摩根大通,13628,1067,12561
2026-09-17,2408,摩根大通,950,1107,-157
2026-09-16,2408,摩根大通,780,515,265
2026-09-15,2408,摩根大通,322,2093,-1771
2026-09-14,2408,摩根大通,294,3076,-2782
2026-09-11,2408,摩根大通,184,2092,-1908
2026-09-10,2408,摩根大通,513,356,157
2026-09-09,2408,摩根大通,1399,1317,82
2026-09-08,2408,摩根大通,4089,833,3256
2026-09-07,2408,摩根大通,1651,154,1497
2026-09-04,2408,摩根大通,943,1444,-501
2026-09-03,2408,摩根大通,792,6431,-5639
2026-09-02,2408,摩根大通,1021,2179,-1158
2026-09-01,2408,摩根大通,464,11818,-11354
2026-08-31,2408,摩根大通,10294,29439,-19145
2026-08-28,2408,摩根大通,1270,1738,-468
2026-08-27,2408,摩根大通,3217,339,2878
2026-08-26,2408,摩根大通,3289,2597,692
2026-08-25,2408,摩根大通,1321,3488,-2167
2026-08-24,2408,摩根大通,1037,2876,-1839
2026-09-18,2408,美商高盛,4903,3205,1698
2026-09-17,2408,美商高盛,1539,1995,-456
2026-09-16,2408,美商高盛,1841,974,867
2026-09-15,2408,美商高盛,1131,1031,100
2026-09-14,2408,美商高盛,465,2103,-1638
2026-09-11,2408,美商高盛,271,3639,-3368
2026-09-10,2408,美商高盛,1394,2824,-1430
2026-09-09,2408,美商高盛,483,2251,-1768
2026-09-08,2408,美商高盛,9549,794,8755
2026-09-07,2408,美商高盛,4931,2241,2690
2026-09-04,2408,美商高盛,2514,2094,420
2026-09-03,2408,美商高盛,2604,9803,-7199
2026-09-02,2408,美商高盛,2655,3463,-808
2026-09-01,2408,美商高盛,693,9366,-8673
2026-08-31,2408,美商高盛,5685,28954,-23269
2026-08-28,2408,美商高盛,4287,2986,1301
2026-08-27,2408,美商高盛,9877,1464,8413
2026-08-26,2408,美商高盛,4575,2043,2532
2026-08-25,2408,美商高盛,3674,3595,79
2026-08-24,2408,美商高盛,1873,6962,-5089
2026-09-18,2408,美林,5112,91,5021
2026-09-17,2408,美林,835,449,386
2026-09-16,2408,美林,1239,145,1094
2026-09-15,2408,美林,207,792,-585
2026-09-14,2408,美林,149,634,-485
2026-09-11,2408,美林,917,368,549
2026-09-10,2408,美林,225,312,-87
2026-09-09,2408,美林,581,251,330
2026-09-08,2408,美林,1847,590,1257
2026-09-07,2408,美林,1781,527,1254
2026-09-04,2408,美林,1033,3998,-2965
2026-09-03,2408,美林,422,6396,-5974
2026-09-02,2408,美林,508,7482,-6974
2026-09-01,2408,美林,227,1643,-1416
2026-08-31,2408,美林,4577,1583,2994
2026-08-28,2408,美林,628,938,-310
2026-08-27,2408,美林,2280,381,1899
2026-08-26,2408,美林,1092,663,429
2026-08-25,2408,美林,393,683,-290
2026-08-24,2408,美林,580,1137,-557
2026-09-18,2408,新加坡商瑞銀,7269,4171,3098
2026-09-17,2408,新加坡商瑞銀,2006,958,1048
2026-09-16,2408,新加坡商瑞銀,1385,414,971
2026-09-15,2408,新加坡商瑞銀,1326,1527,-201
2026-09-14,2408,新加坡商瑞銀,713,2156,-1443
2026-09-11,2408,新加坡商瑞銀,1104,1665,-561
2026-09-10,2408,新加坡商瑞銀,2258,2320,-62
2026-09-09,2408,新加坡商瑞銀,1970,2135,-165
2026-09-08,2408,新加坡商瑞銀,4591,830,3761
2026-09-07,2408,新加坡商瑞銀,2670,1329,1341
2026-09-04,2408,新加坡商瑞銀,2826,1012,1814
2026-09-03,2408,新加坡商瑞銀,3772,6849,-3077
2026-09-02,2408,新加坡商瑞銀,4175,2662,1513
2026-09-01,2408,新加坡商瑞銀,1335,5351,-4016
2026-08-31,2408,新加坡商瑞銀,51047,14637,36410
2026-08-28,2408,新加坡商瑞銀,5128,2397,2731
2026-08-27,2408,新加坡商瑞銀,8294,72,8222
2026-08-26,2408,新加坡商瑞銀,3086,2396,690
2026-08-25,2408,新加坡商瑞銀,3725,1401,2324
2026-08-24,2408,新加坡商瑞銀,4749,2755,1994
2026-09-18,2408,花旗環球,584,327,257
2026-09-17,2408,花旗環球,1809,470,1339
2026-09-16,2408,花旗環球,507,411,96
2026-09-15,2408,花旗環球,1618,172,1446
2026-09-14,2408,花旗環球,159,155,4
2026-09-11,2408,花旗環球,375,31,344
2026-09-10,2408,花旗環球,49,170,-121
2026-09-09,2408,花旗環球,417,17,400
2026-09-08,2408,花旗環球,347,77,270
2026-09-07,2408,花旗環球,584,50,534
2026-09-04,2408,花旗環球,1229,270,959
2026-09-03,2408,花旗環球,134,68,66
2026-09-02,2408,花旗環球,441,101,340
2026-09-01,2408,花旗環球,319,5,314
2026-08-31,2408,花旗環球,5614,3607,2007
2026-08-28,2408,花旗環球,135,109,26
2026-08-27,2408,花旗環球,126,115,11
2026-08-26,2408,花旗環球,153,78,75
2026-08-25,2408,花旗環球,103,212,-109
2026-08-24,2408,花旗環球,239,54,185
2026-09-18,6770,台灣摩根士丹利,16755,1075,15680
2026-09-17,6770,台灣摩根士丹利,10772,1070,9702
2026-09-16,6770,台灣摩根士丹利,7525,3515,4010
2026-09-15,6770,台灣摩根士丹利,438,21989,-21551
2026-09-14,6770,台灣摩根士丹利,7419,6063,1356
2026-09-11,6770,台灣摩根士丹利,3525,10085,-6560
2026-09-10,6770,台灣摩根士丹利,9434,3114,6320
2026-09-09,6770,台灣摩根士丹利,3619,2389,1230
2026-09-08,6770,台灣摩根士丹利,5474,10052,-4578
2026-09-07,6770,台灣摩根士丹利,29475,1197,28278
2026-09-04,6770,台灣摩根士丹利,1968,8377,-6409
2026-09-03,6770,台灣摩根士丹利,2182,4624,-2442
2026-09-02,6770,台灣摩根士丹利,2782,2273,509
2026-09-01,6770,台灣摩根士丹利,402,24056,-23654
2026-08-31,6770,台灣摩根士丹利,33417,5994,27423
2026-08-28,6770,台灣摩根士丹利,8371,5252,3119
2026-08-27,6770,台灣摩根士丹利,7351,3723,3628
2026-08-26,6770,台灣摩根士丹利,10753,871,9882
2026-08-25,6770,台灣摩根士丹利,3929,23206,-19277
2026-08-24,6770,台灣摩根士丹利,17404,3472,13932
2026-09-18,6770,摩根大通,30526,1242,29284
2026-09-17,6770,摩根大通,1956,10032,-8076
2026-09-16,6770,摩根大通,5850,805,5045
2026-09-15,6770,摩根大通,776,17333,-16557
2026-09-14,6770,摩根大通,1143,1199,-56
2026-09-11,6770,摩根大通,1124,4698,-3574
2026-09-10,6770,摩根大通,2266,1701,565
2026-09-09,6770,摩根大通,1915,1351,564
2026-09-08,6770,摩根大通,965,2074,-1109
2026-09-07,6770,摩根大通,23033,1246,21787
2026-09-04,6770,摩根大通,422,2951,-2529
2026-09-03,6770,摩根大通,1997,2872,-875
2026-09-02,6770,摩根大通,1855,3773,-1918
2026-09-01,6770,摩根大通,542,6951,-6409
2026-08-31,6770,摩根大通,11328,2968,8360
2026-08-28,6770,摩根大通,2703,2247,456
2026-08-27,6770,摩根大通,3008,2081,927
2026-08-26,6770,摩根大通,3274,693,2581
2026-08-25,6770,摩根大通,7777,13307,-5530
2026-08-24,6770,摩根大通,3975,5208,-1233
2026-09-18,6770,美商高盛,15672,2608,13064
2026-09-17,6770,美商高盛,13402,2734,10668
2026-09-16,6770,美商高盛,10984,1597,9387
2026-09-15,6770,美商高盛,4784,17511,-12727
2026-09-14,6770,美商高盛,8491,7911,580
2026-09-11,6770,美商高盛,6092,21245,-15153
2026-09-10,6770,美商高盛,16318,6919,9399
2026-09-09,6770,美商高盛,8577,7456,1121
2026-09-08,6770,美商高盛,13784,6911,6873
2026-09-07,6770,美商高盛,24980,2517,22463
2026-09-04,6770,美商高盛,1918,6759,-4841
2026-09-03,6770,美商高盛,2575,6762,-4187
2026-09-02,6770,美商高盛,1852,3526,-1674
2026-09-01,6770,美商高盛,1198,18612,-17414
2026-08-31,6770,美商高盛,11490,5391,6099
2026-08-28,6770,美商高盛,5204,6202,-998
2026-08-27,6770,美商高盛,6417,5137,1280
2026-08-26,6770,美商高盛,10153,2433,7720
2026-08-25,6770,美商高盛,2957,18756,-15799
2026-08-24,6770,美商高盛,10689,2433,8256
2026-09-18,6770,美林,2467,5149,-2682
2026-09-17,6770,美林,6610,1235,5375
2026-09-16,6770,美林,5050,236,4814
2026-09-15,6770,美林,648,7022,-6374
2026-09-14,6770,美林,3394,524,2870
2026-09-11,6770,美林,587,1850,-1263
2026-09-10,6770,美林,1215,1403,-188
2026-09-09,6770,美林,3047,736,2311
2026-09-08,6770,美林,971,1260,-289
2026-09-07,6770,美林,3939,152,3787
2026-09-04,6770,美林,690,303,387
2026-09-03,6770,美林,760,974,-214
2026-09-02,6770,美林,438,819,-381
2026-09-01,6770,美林,130,1979,-1849
2026-08-31,6770,美林,3478,774,2704
2026-08-28,6770,美林,2396,682,1714
2026-08-27,6770,美林,1652,5246,-3594
2026-08-26,6770,美林,1090,647,443
2026-08-25,6770,美林,658,1087,-429
2026-08-24,6770,美林,6607,590,6017
2026-09-18,6770,新加坡商瑞銀,8299,4674,3625
2026-09-17,6770,新加坡商瑞銀,3708,279,3429
2026-09-16,6770,新加坡商瑞銀,5445,616,4829
2026-09-15,6770,新加坡商瑞銀,3076,9452,-6376
2026-09-14,6770,新加坡商瑞銀,1677,4113,-2436
2026-09-11,6770,新加坡商瑞銀,2357,10426,-8069
2026-09-10,6770,新加坡商瑞銀,7031,2062,4969
2026-09-09,6770,新加坡商瑞銀,3585,3013,572
2026-09-08,6770,新加坡商瑞銀,3298,5305,-2007
2026-09-07,6770,新加坡商瑞銀,15940,1199,14741
2026-09-04,6770,新加坡商瑞銀,1518,3639,-2121
2026-09-03,6770,新加坡商瑞銀,4062,7371,-3309
2026-09-02,6770,新加坡商瑞銀,3685,2666,1019
2026-09-01,6770,新加坡商瑞銀,1000,15640,-14640
2026-08-31,6770,新加坡商瑞銀,27863,5532,22331
2026-08-28,6770,新加坡商瑞銀,3809,4691,-882
2026-08-27,6770,新加坡商瑞銀,3519,10436,-6917
2026-08-26,6770,新加坡商瑞銀,8669,2624,6045
2026-08-25,6770,新加坡商瑞銀,4201,8216,-4015
2026-08-24,6770,新加坡商瑞銀,5619,2813,2806
2026-09-18,6770,花旗環球,1454,725,729
2026-09-17,6770,花旗環球,323,61,262
2026-09-16,6770,花旗環球,2363,130,2233
2026-09-15,6770,花旗環球,84,283,-199
2026-09-14,6770,花旗環球,165,59,106
2026-09-11,6770,花旗環球,391,42,349
2026-09-10,6770,花旗環球,837,17,820
2026-09-09,6770,花旗環球,1172,21,1151
2026-09-08,6770,花旗環球,9,0,9
2026-09-07,6770,花旗環球,93,0,93
2026-09-04,6770,花旗環球,183,11,172
2026-09-03,6770,花旗環球,96,118,-22
2026-09-02,6770,花旗環球,48,37,11
2026-09-01,6770,花旗環球,135,14,121
2026-08-31,6770,花旗環球,315,4825,-4510
2026-08-28,6770,花旗環球,70,191,-121
2026-08-27,6770,花旗環球,240,2700,-2460
2026-08-26,6770,花旗環球,156,321,-165
2026-08-25,6770,花旗環球,158,212,-54
2026-08-24,6770,花旗環球,140,69,71
2026-09-18,3711,台灣摩根士丹利,2536,494,2042
2026-09-17,3711,台灣摩根士丹利,1081,239,842
2026-09-16,3711,台灣摩根士丹利,1359,285,1074
2026-09-15,3711,台灣摩根士丹利,873,992,-119
2026-09-14,3711,台灣摩根士丹利,1236,475,761
2026-09-11,3711,台灣摩根士丹利,853,1999,-1146
2026-09-10,3711,台灣摩根士丹利,1416,853,563
2026-09-09,3711,台灣摩根士丹利,4039,453,3586
2026-09-08,3711,台灣摩根士丹利,1327,872,455
2026-09-07,3711,台灣摩根士丹利,2989,276,2713
2026-09-04,3711,台灣摩根士丹利,1291,823,468
2026-09-03,3711,台灣摩根士丹利,1139,418,721
2026-09-02,3711,台灣摩根士丹利,1481,819,662
2026-09-01,3711,台灣摩根士丹利,4179,272,3907
2026-08-31,3711,台灣摩根士丹利,2225,3225,-1000
2026-08-28,3711,台灣摩根士丹利,763,968,-205
2026-08-27,3711,台灣摩根士丹利,295,881,-586
2026-08-26,3711,台灣摩根士丹利,311,364,-53
2026-08-25,3711,台灣摩根士丹利,293,1231,-938
2026-08-24,3711,台灣摩根士丹利,613,230,383
2026-09-18,3711,摩根大通,3567,944,2623
2026-09-17,3711,摩根大通,1140,1245,-105
2026-09-16,3711,摩根大通,668,698,-30
2026-09-15,3711,摩根大通,837,679,158
2026-09-14,3711,摩根大通,1084,1810,-726
2026-09-11,3711,摩根大通,783,1084,-301
2026-09-10,3711,摩根大通,1344,564,780
2026-09-09,3711,摩根大通,555,388,167
2026-09-08,3711,摩根大通,1463,1174,289
2026-09-07,3711,摩根大通,3830,252,3578
2026-09-04,3711,摩根大通,1041,260,781
2026-09-03,3711,摩根大通,1639,591,1048
2026-09-02,3711,摩根大通,472,957,-485
2026-09-01,3711,摩根大通,3374,2731,643
2026-08-31,3711,摩根大通,901,1817,-916
2026-08-28,3711,摩根大通,1314,178,1136
2026-08-27,3711,摩根大通,545,316,229
2026-08-26,3711,摩根大通,758,109,649
2026-08-25,3711,摩根大通,358,613,-255
2026-08-24,3711,摩根大通,300,289,11
2026-09-18,3711,美商高盛,2822,1608,1214
2026-09-17,3711,美商高盛,443,268,175
2026-09-16,3711,美商高盛,1095,307,788
2026-09-15,3711,美商高盛,570,939,-369
2026-09-14,3711,美商高盛,556,557,-1
2026-09-11,3711,美商高盛,210,2609,-2399
2026-09-10,3711,美商高盛,2046,614,1432
2026-09-09,3711,美商高盛,2938,680,2258
2026-09-08,3711,美商高盛,743,838,-95
2026-09-07,3711,美商高盛,4021,1021,3000
2026-09-04,3711,美商高盛,413,924,-511
2026-09-03,3711,美商高盛,692,623,69
2026-09-02,3711,美商高盛,748,1187,-439
2026-09-01,3711,美商高盛,2272,385,1887
2026-08-31,3711,美商高盛,633,5279,-4646
2026-08-28,3711,美商高盛,755,1088,-333
2026-08-27,3711,美商高盛,826,863,-37
2026-08-26,3711,美商高盛,1170,696,474
2026-08-25,3711,美商高盛,612,1197,-585
2026-08-24,3711,美商高盛,478,726,-248
2026-09-18,3711,美林,651,337,314
2026-09-17,3711,美林,655,78,577
2026-09-16,3711,美林,349,363,-14
2026-09-15,3711,美林,101,894,-793
2026-09-14,3711,美林,161,129,32
2026-09-11,3711,美林,235,1861,-1626
2026-09-10,3711,美林,1332,820,512
2026-09-09,3711,美林,1152,2826,-1674
2026-09-08,3711,美林,901,113,788
2026-09-07,3711,美林,549,116,433
2026-09-04,3711,美林,243,737,-494
2026-09-03,3711,美林,451,103,348
2026-09-02,3711,美林,83,1667,-1584
2026-09-01,3711,美林,713,273,440
2026-08-31,3711,美林,584,1322,-738
2026-08-28,3711,美林,647,1372,-725
2026-08-27,3711,美林,416,355,61
2026-08-26,3711,美林,721,931,-210
2026-08-25,3711,美林,458,272,186
2026-08-24,3711,美林,38,135,-97
2026-09-18,3711,新加坡商瑞銀,3523,4381,-858
2026-09-17,3711,新加坡商瑞銀,840,478,362
2026-09-16,3711,新加坡商瑞銀,882,675,207
2026-09-15,3711,新加坡商瑞銀,255,685,-430
2026-09-14,3711,新加坡商瑞銀,215,700,-485
2026-09-11,3711,新加坡商瑞銀,344,822,-478
2026-09-10,3711,新加坡商瑞銀,310,156,154
2026-09-09,3711,新加坡商瑞銀,1763,581,1182
2026-09-08,3711,新加坡商瑞銀,1175,478,697
2026-09-07,3711,新加坡商瑞銀,2544,57,2487
2026-09-04,3711,新加坡商瑞銀,564,3670,-3106
2026-09-03,3711,新加坡商瑞銀,402,243,159
2026-09-02,3711,新加坡商瑞銀,702,742,-40
2026-09-01,3711,新加坡商瑞銀,1145,810,335
2026-08-31,3711,新加坡商瑞銀,1696,3085,-1389
2026-08-28,3711,新加坡商瑞銀,214,614,-400
2026-08-27,3711,新加坡商瑞銀,356,558,-202
2026-08-26,3711,新加坡商瑞銀,534,388,146
2026-08-25,3711,新加坡商瑞銀,583,683,-100
2026-08-24,3711,新加坡商瑞銀,629,481,148
2026-09-18,3711,花旗環球,1180,1470,-290
2026-09-17,3711,花旗環球,422,410,12
2026-09-16,3711,花旗環球,616,376,240
2026-09-15,3711,花旗環球,82,1065,-983
2026-09-14,3711,花旗環球,83,138,-55
2026-09-11,3711,花旗環球,229,1509,-1280
2026-09-10,3711,花旗環球,143,399,-256
2026-09-09,3711,花旗環球,862,21,841
2026-09-08,3711,花旗環球,159,165,-6
2026-09-07,3711,花旗環球,753,5,748
2026-09-04,3711,花旗環球,320,26,294
2026-09-03,3711,花旗環球,332,80,252
2026-09-02,3711,花旗環球,367,85,282
2026-09-01,3711,花旗環球,303,21,282
2026-08-31,3711,花旗環球,438,276,162
2026-08-28,3711,花旗環球,29,1464,-1435
2026-08-27,3711,花旗環球,947,170,777
2026-08-26,3711,花旗環球,138,1064,-926
2026-08-25,3711,花旗環球,518,210,308
2026-08-24,3711,花旗環球,213,119,94
2026-09-18,3037,台灣摩根士丹利,2201,406,1795
2026-09-17,3037,台灣摩根士丹利,1345,998,347
2026-09-16,3037,台灣摩根士丹利,248,451,-203
2026-09-15,3037,台灣摩根士丹利,587,245,342
2026-09-14,3037,台灣摩根士丹利,958,375,583
2026-09-11,3037,台灣摩根士丹利,953,722,231
2026-09-10,3037,台灣摩根士丹利,1567,1617,-50
2026-09-09,3037,台灣摩根士丹利,1176,1324,-148
2026-09-08,3037,台灣摩根士丹利,353,1312,-959
2026-09-07,3037,台灣摩根士丹利,1745,1224,521
2026-09-04,3037,台灣摩根士丹利,3678,1827,1851
2026-09-03,3037,台灣摩根士丹利,2631,1138,1493
2026-09-02,3037,台灣摩根士丹利,2060,1326,734
2026-09-01,3037,台灣摩根士丹利,4104,4637,-533
2026-08-31,3037,台灣摩根士丹利,270,0,270
2026-08-28,3037,台灣摩根士丹利,1889,1440,449
2026-08-27,3037,台灣摩根士丹利,471,1483,-1012
2026-08-26,3037,台灣摩根士丹利,1382,1470,-88
2026-08-25,3037,台灣摩根士丹利,620,1012,-392
2026-08-24,3037,台灣摩根士丹利,1097,1030,67
2026-09-18,3037,摩根大通,1306,782,524
2026-09-17,3037,摩根大通,1046,729,317
2026-09-16,3037,摩根大通,412,941,-529
2026-09-15,3037,摩根大通,449,633,-184
2026-09-14,3037,摩根大通,474,920,-446
2026-09-11,3037,摩根大通,633,337,296
2026-09-10,3037,摩根大通,316,613,-297
2026-09-09,3037,摩根大通,488,587,-99
2026-09-08,3037,摩根大通,1094,952,142
2026-09-07,3037,摩根大通,932,1372,-440
2026-09-04,3037,摩根大通,1804,705,1099
2026-09-03,3037,摩根大通,1078,1146,-68
2026-09-02,3037,摩根大通,1089,771,318
2026-09-01,3037,摩根大通,2768,3940,-1172
2026-08-31,3037,摩根大通,93,0,93
2026-08-28,3037,摩根大通,1262,1709,-447
2026-08-27,3037,摩根大通,508,900,-392
2026-08-26,3037,摩根大通,822,208,614
2026-08-25,3037,摩根大通,707,299,408
2026-08-24,3037,摩根大通,594,410,184
2026-09-18,3037,美商高盛,1132,1603,-471
2026-09-17,3037,美商高盛,960,1019,-59
2026-09-16,3037,美商高盛,736,2296,-1560
2026-09-15,3037,美商高盛,467,649,-182
2026-09-14,3037,美商高盛,967,1231,-264
2026-09-11,3037,美商高盛,957,953,4
2026-09-10,3037,美商高盛,1327,2224,-897
2026-09-09,3037,美商高盛,3128,1511,1617
2026-09-08,3037,美商高盛,2860,1927,933
2026-09-07,3037,美商高盛,2623,2232,391
2026-09-04,3037,美商高盛,4504,4032,472
2026-09-03,3037,美商高盛,1949,3162,-1213
2026-09-02,3037,美商高盛,1140,2705,-1565
2026-09-01,3037,美商高盛,14796,3902,10894
2026-08-31,3037,美商高盛,481,0,481
2026-08-28,3037,美商高盛,2126,1363,763
2026-08-27,3037,美商高盛,741,1848,-1107
2026-08-26,3037,美商高盛,2299,1292,1007
2026-08-25,3037,美商高盛,1426,705,721
2026-08-24,3037,美商高盛,518,442,76
2026-09-18,3037,美林,469,863,-394
2026-09-17,3037,美林,280,98,182
2026-09-16,3037,美林,269,30,239
2026-09-15,3037,美林,139,158,-19
2026-09-14,3037,美林,647,59,588
2026-09-11,3037,美林,217,297,-80
2026-09-10,3037,美林,603,209,394
2026-09-09,3037,美林,464,50,414
2026-09-08,3037,美林,1071,109,962
2026-09-07,3037,美林,1501,108,1393
2026-09-04,3037,美林,340,1399,-1059
2026-09-03,3037,美林,460,292,168
2026-09-02,3037,美林,631,435,196
2026-09-01,3037,美林,1950,2343,-393
2026-08-31,3037,美林,215,0,215
2026-08-28,3037,美林,338,142,196
2026-08-27,3037,美林,761,575,186
2026-08-26,3037,美林,588,831,-243
2026-08-25,3037,美林,719,134,585
2026-08-24,3037,美林,184,148,36
2026-09-18,3037,新加坡商瑞銀,647,371,276
2026-09-17,3037,新加坡商瑞銀,556,252,304
2026-09-16,3037,新加坡商瑞銀,797,307,490
2026-09-15,3037,新加坡商瑞銀,363,230,133
2026-09-14,3037,新加坡商瑞銀,596,407,189
2026-09-11,3037,新加坡商瑞銀,528,285,243
2026-09-10,3037,新加坡商瑞銀,140,660,-520
2026-09-09,3037,新加坡商瑞銀,455,1031,-576
2026-09-08,3037,新加坡商瑞銀,732,592,140
2026-09-07,3037,新加坡商瑞銀,348,540,-192
2026-09-04,3037,新加坡商瑞銀,1770,855,915
2026-09-03,3037,新加坡商瑞銀,1764,908,856
2026-09-02,3037,新加坡商瑞銀,807,831,-24
2026-09-01,3037,新加坡商瑞銀,1536,2442,-906
2026-08-31,3037,新加坡商瑞銀,119,0,119
2026-08-28,3037,新加坡商瑞銀,1979,743,1236
2026-08-27,3037,新加坡商瑞銀,2248,965,1283
2026-08-26,3037,新加坡商瑞銀,752,694,58
2026-08-25,3037,新加坡商瑞銀,1147,780,367
2026-08-24,3037,新加坡商瑞銀,751,466,285
2026-09-18,3037,花旗環球,549,232,317
2026-09-17,3037,花旗環球,199,112,87
2026-09-16,3037,花旗環球,97,121,-24
2026-09-15,3037,花旗環球,72,464,-392
2026-09-14,3037,花旗環球,26,58,-32
2026-09-11,3037,花旗環球,6,129,-123
2026-09-10,3037,花旗環球,37,16,21
2026-09-09,3037,花旗環球,1334,27,1307
2026-09-08,3037,花旗環球,336,192,144
2026-09-07,3037,花旗環球,226,620,-394
2026-09-04,3037,花旗環球,81,142,-61
2026-09-03,3037,花旗環球,26,374,-348
2026-09-02,3037,花旗環球,26,186,-160
2026-09-01,3037,花旗環球,155,821,-666
2026-08-31,3037,花旗環球,129,0,129
2026-08-28,3037,花旗環球,2226,280,1946
2026-08-27,3037,花旗環球,807,337,470
2026-08-26,3037,花旗環球,771,160,611
2026-08-25,3037,花旗環球,137,691,-554
2026-08-24,3037,花旗環球,198,328,-130
2026-09-18,6669,台灣摩根士丹利,260,254,6
2026-09-17,6669,台灣摩根士丹利,194,232,-38
2026-09-16,6669,台灣摩根士丹利,221,1229,-1008
2026-09-15,6669,台灣摩根士丹利,52,197,-145
2026-09-14,6669,台灣摩根士丹利,38,184,-146
2026-09-11,6669,台灣摩根士丹利,111,318,-207
2026-09-10,6669,台灣摩根士丹利,260,204,56
2026-09-09,6669,台灣摩根士丹利,280,129,151
2026-09-08,6669,台灣摩根士丹利,230,8,222
2026-09-07,6669,台灣摩根士丹利,90,212,-122
2026-09-04,6669,台灣摩根士丹利,179,254,-75
2026-09-03,6669,台灣摩根士丹利,57,158,-101
2026-09-02,6669,台灣摩根士丹利,81,310,-229
2026-09-01,6669,台灣摩根士丹利,24,422,-398
2026-08-31,6669,台灣摩根士丹利,56,109,-53
2026-08-28,6669,台灣摩根士丹利,96,161,-65
2026-08-27,6669,台灣摩根士丹利,47,178,-131
2026-08-26,6669,台灣摩根士丹利,35,218,-183
2026-08-25,6669,台灣摩根士丹利,109,51,58
2026-08-24,6669,台灣摩根士丹利,79,16,63
2026-09-18,6669,摩根大通,223,275,-52
2026-09-17,6669,摩根大通,350,348,2
2026-09-16,6669,摩根大通,372,543,-171
2026-09-15,6669,摩根大通,56,788,-732
2026-09-14,6669,摩根大通,32,46,-14
2026-09-11,6669,摩根大通,22,138,-116
2026-09-10,6669,摩根大通,63,233,-170
2026-09-09,6669,摩根大通,66,26,40
2026-09-08,6669,摩根大通,101,28,73
2026-09-07,6669,摩根大通,159,106,53
2026-09-04,6669,摩根大通,251,32,219
2026-09-03,6669,摩根大通,59,145,-86
2026-09-02,6669,摩根大通,95,1014,-919
2026-09-01,6669,摩根大通,181,167,14
2026-08-31,6669,摩根大通,125,296,-171
2026-08-28,6669,摩根大通,206,148,58
2026-08-27,6669,摩根大通,128,58,70
2026-08-26,6669,摩根大通,98,138,-40
2026-08-25,6669,摩根大通,54,116,-62
2026-08-24,6669,摩根大通,4,179,-175
2026-09-18,6669,美商高盛,78,82,-4
2026-09-17,6669,美商高盛,137,139,-2
2026-09-16,6669,美商高盛,285,70,215
2026-09-15,6669,美商高盛,62,119,-57
2026-09-14,6669,美商高盛,30,51,-21
2026-09-11,6669,美商高盛,84,154,-70
2026-09-10,6669,美商高盛,107,185,-78
2026-09-09,6669,美商高盛,274,208,66
2026-09-08,6669,美商高盛,148,151,-3
2026-09-07,6669,美商高盛,406,417,-11
2026-09-04,6669,美商高盛,182,253,-71
2026-09-03,6669,美商高盛,159,441,-282
2026-09-02,6669,美商高盛,336,770,-434
2026-09-01,6669,美商高盛,240,65,175
2026-08-31,6669,美商高盛,67,189,-122
2026-08-28,6669,美商高盛,79,96,-17
2026-08-27,6669,美商高盛,30,119,-89
2026-08-26,6669,美商高盛,97,172,-75
2026-08-25,6669,美商高盛,85,57,28
2026-08-24,6669,美商高盛,78,45,33
2026-09-18,6669,美林,126,95,31
2026-09-17,6669,美林,50,39,11
2026-09-16,6669,美林,130,448,-318
2026-09-15,6669,美林,8,112,-104
2026-09-14,6669,美林,25,155,-130
2026-09-11,6669,美林,12,127,-115
2026-09-10,6669,美林,2,7,-5
2026-09-09,6669,美林,66,67,-1
2026-09-08,6669,美林,26,48,-22
2026-09-07,6669,美林,9,155,-146
2026-09-04,6669,美林,53,295,-242
2026-09-03,6669,美林,12,199,-187
2026-09-02,6669,美林,4,79,-75
2026-09-01,6669,美林,20,28,-8
2026-08-31,6669,美林,315,112,203
2026-08-28,6669,美林,217,59,158
2026-08-27,6669,美林,41,22,19
2026-08-26,6669,美林,17,50,-33
2026-08-25,6669,美林,14,53,-39
2026-08-24,6669,美林,18,62,-44
2026-09-18,6669,新加坡商瑞銀,46,77,-31
2026-09-17,6669,新加坡商瑞銀,261,62,199
2026-09-16,6669,新加坡商瑞銀,74,252,-178
2026-09-15,6669,新加坡商瑞銀,85,61,24
2026-09-14,6669,新加坡商瑞銀,45,19,26
2026-09-11,6669,新加坡商瑞銀,88,7,81
2026-09-10,6669,新加坡商瑞銀,30,167,-137
2026-09-09,6669,新加坡商瑞銀,19,14,5
2026-09-08,6669,新加坡商瑞銀,21,60,-39
2026-09-07,6669,新加坡商瑞銀,59,42,17
2026-09-04,6669,新加坡商瑞銀,94,152,-58
2026-09-03,6669,新加坡商瑞銀,19,47,-28
2026-09-02,6669,新加坡商瑞銀,13,302,-289
2026-09-01,6669,新加坡商瑞銀,107,76,31
2026-08-31,6669,新加坡商瑞銀,73,180,-107
2026-08-28,6669,新加坡商瑞銀,56,248,-192
2026-08-27,6669,新加坡商瑞銀,27,41,-14
2026-08-26,6669,新加坡商瑞銀,66,88,-22
2026-08-25,6669,新加坡商瑞銀,24,64,-40
2026-08-24,6669,新加坡商瑞銀,42,58,-16
2026-09-18,6669,花旗環球,98,339,-241
2026-09-17,6669,花旗環球,28,150,-122
2026-09-16,6669,花旗環球,245,521,-276
2026-09-15,6669,花旗環球,12,71,-59
2026-09-14,6669,花旗環球,6,13,-7
2026-09-11,6669,花旗環球,1,3,-2
2026-09-10,6669,花旗環球,7,6,1
2026-09-09,6669,花旗環球,34,53,-19
2026-09-08,6669,花旗環球,56,48,8
2026-09-07,6669,花旗環球,16,79,-63
2026-09-04,6669,花旗環球,24,77,-53
2026-09-03,6669,花旗環球,6,45,-39
2026-09-02,6669,花旗環球,25,10,15
2026-09-01,6669,花旗環球,3,102,-99
2026-08-31,6669,花旗環球,7,12,-5
2026-08-28,6669,花旗環球,12,40,-28
2026-08-27,6669,花旗環球,6,46,-40
2026-08-26,6669,花旗環球,8,28,-20
2026-08-25,6669,花旗環球,3,15,-12
2026-08-24,6669,花旗環球,10,115,-105
2026-09-18,2376,台灣摩根士丹利,288,357,-69
2026-09-17,2376,台灣摩根士丹利,177,534,-357
2026-09-16,2376,台灣摩根士丹利,122,498,-376
2026-09-15,2376,台灣摩根士丹利,107,279,-172
2026-09-14,2376,台灣摩根士丹利,180,740,-560
2026-09-11,2376,台灣摩根士丹利,102,429,-327
2026-09-10,2376,台灣摩根士丹利,365,567,-202
2026-09-09,2376,台灣摩根士丹利,26,833,-807
2026-09-08,2376,台灣摩根士丹利,164,1210,-1046
2026-09-07,2376,台灣摩根士丹利,98,234,-136
2026-09-04,2376,台灣摩根士丹利,716,286,430
2026-09-03,2376,台灣摩根士丹利,489,546,-57
2026-09-02,2376,台灣摩根士丹利,332,437,-105
2026-09-01,2376,台灣摩根士丹利,104,1029,-925
2026-08-31,2376,台灣摩根士丹利,582,411,171
2026-08-28,2376,台灣摩根士丹利,109,158,-49
2026-08-27,2376,台灣摩根士丹利,78,403,-325
2026-08-26,2376,台灣摩根士丹利,99,354,-255
2026-08-25,2376,台灣摩根士丹利,86,471,-385
2026-08-24,2376,台灣摩根士丹利,60,377,-317
2026-09-18,2376,摩根大通,334,218,116
2026-09-17,2376,摩根大通,145,300,-155
2026-09-16,2376,摩根大通,233,307,-74
2026-09-15,2376,摩根大通,43,216,-173
2026-09-14,2376,摩根大通,77,186,-109
2026-09-11,2376,摩根大通,22,288,-266
2026-09-10,2376,摩根大通,96,509,-413
2026-09-09,2376,摩根大通,132,399,-267
2026-09-08,2376,摩根大通,119,319,-200
2026-09-07,2376,摩根大通,472,42,430
2026-09-04,2376,摩根大通,563,47,516
2026-09-03,2376,摩根大通,349,242,107
2026-09-02,2376,摩根大通,85,218,-133
2026-09-01,2376,摩根大通,404,182,222
2026-08-31,2376,摩根大通,273,64,209
2026-08-28,2376,摩根大通,291,169,122
2026-08-27,2376,摩根大通,86,144,-58
2026-08-26,2376,摩根大通,292,82,210
2026-08-25,2376,摩根大通,143,190,-47
2026-08-24,2376,摩根大通,79,162,-83
2026-09-18,2376,美商高盛,257,188,69
2026-09-17,2376,美商高盛,184,246,-62
2026-09-16,2376,美商高盛,72,214,-142
2026-09-15,2376,美商高盛,143,33,110
2026-09-14,2376,美商高盛,79,97,-18
2026-09-11,2376,美商高盛,182,187,-5
2026-09-10,2376,美商高盛,387,340,47
2026-09-09,2376,美商高盛,78,462,-384
2026-09-08,2376,美商高盛,79,586,-507
2026-09-07,2376,美商高盛,602,258,344
2026-09-04,2376,美商高盛,1150,59,1091
2026-09-03,2376,美商高盛,369,824,-455
2026-09-02,2376,美商高盛,211,252,-41
2026-09-01,2376,美商高盛,351,232,119
2026-08-31,2376,美商高盛,641,307,334
2026-08-28,2376,美商高盛,295,95,200
2026-08-27,2376,美商高盛,409,112,297
2026-08-26,2376,美商高盛,882,88,794
2026-08-25,2376,美商高盛,359,57,302
2026-08-24,2376,美商高盛,263,310,-47
2026-09-18,2376,美林,382,289,93
2026-09-17,2376,美林,26,5,21
2026-09-16,2376,美林,0,36,-36
2026-09-15,2376,美林,0,12,-12
2026-09-14,2376,美林,0,64,-64
2026-09-11,2376,美林,0,109,-109
2026-09-10,2376,美林,6,100,-94
2026-09-09,2376,美林,15,176,-161
2026-09-08,2376,美林,8,226,-218
2026-09-07,2376,美林,70,50,20
2026-09-04,2376,美林,161,23,138
2026-09-03,2376,美林,95,126,-31
2026-09-02,2376,美林,132,70,62
2026-09-01,2376,美林,45,17,28
2026-08-31,2376,美林,309,56,253
2026-08-28,2376,美林,76,15,61
2026-08-27,2376,美林,62,50,12
2026-08-26,2376,美林,102,39,63
2026-08-25,2376,美林,92,51,41
2026-08-24,2376,美林,53,8,45
2026-09-18,2376,新加坡商瑞銀,246,412,-166
2026-09-17,2376,新加坡商瑞銀,126,141,-15
2026-09-16,2376,新加坡商瑞銀,23,336,-313
2026-09-15,2376,新加坡商瑞銀,52,149,-97
2026-09-14,2376,新加坡商瑞銀,219,376,-157
2026-09-11,2376,新加坡商瑞銀,228,488,-260
2026-09-10,2376,新加坡商瑞銀,177,107,70
2026-09-09,2376,新加坡商瑞銀,110,290,-180
2026-09-08,2376,新加坡商瑞銀,109,455,-346
2026-09-07,2376,新加坡商瑞銀,176,392,-216
2026-09-04,2376,新加坡商瑞銀,355,328,27
2026-09-03,2376,新加坡商瑞銀,238,266,-28
2026-09-02,2376,新加坡商瑞銀,348,245,103
2026-09-01,2376,新加坡商瑞銀,355,136,219
2026-08-31,2376,新加坡商瑞銀,539,446,93
2026-08-28,2376,新加坡商瑞銀,129,157,-28
2026-08-27,2376,新加坡商瑞銀,183,104,79
2026-08-26,2376,新加坡商瑞銀,495,92,403
2026-08-25,2376,新加坡商瑞銀,206,363,-157
2026-08-24,2376,新加坡商瑞銀,379,462,-83
2026-09-18,2376,花旗環球,578,386,192
2026-09-17,2376,花旗環球,63,303,-240
2026-09-16,2376,花旗環球,31,103,-72
2026-09-15,2376,花旗環球,103,270,-167
2026-09-14,2376,花旗環球,0,90,-90
2026-09-11,2376,花旗環球,134,7,127
2026-09-10,2376,花旗環球,18,294,-276
2026-09-09,2376,花旗環球,16,64,-48
2026-09-08,2376,花旗環球,379,0,379
2026-09-07,2376,花旗環球,37,522,-485
2026-09-04,2376,花旗環球,97,901,-804
2026-09-03,2376,花旗環球,50,823,-773
2026-09-02,2376,花旗環球,1,15,-14
2026-09-01,2376,花旗環球,8,122,-114
2026-08-31,2376,花旗環球,63,181,-118
2026-08-28,2376,花旗環球,17,33,-16
2026-08-27,2376,花旗環球,77,25,52
2026-08-26,2376,花旗環球,45,142,-97
2026-08-25,2376,花旗環球,29,64,-35
2026-08-24,2376,花旗環球,19,34,-15
2026-09-18,2377,台灣摩根士丹利,295,429,-134
2026-09-17,2377,台灣摩根士丹利,676,229,447
2026-09-16,2377,台灣摩根士丹利,347,580,-233
2026-09-15,2377,台灣摩根士丹利,12,462,-450
2026-09-14,2377,台灣摩根士丹利,327,1077,-750
2026-09-11,2377,台灣摩根士丹利,1073,190,883
2026-09-10,2377,台灣摩根士丹利,69,2306,-2237
2026-09-09,2377,台灣摩根士丹利,521,208,313
2026-09-08,2377,台灣摩根士丹利,31,1039,-1008
2026-09-07,2377,台灣摩根士丹利,114,2299,-2185
2026-09-04,2377,台灣摩根士丹利,3332,82,3250
2026-09-03,2377,台灣摩根士丹利,373,245,128
2026-09-02,2377,台灣摩根士丹利,549,16,533
2026-09-01,2377,台灣摩根士丹利,574,34,540
2026-08-31,2377,台灣摩根士丹利,1214,125,1089
2026-08-28,2377,台灣摩根士丹利,54,110,-56
2026-08-27,2377,台灣摩根士丹利,241,332,-91
2026-08-26,2377,台灣摩根士丹利,169,103,66
2026-08-25,2377,台灣摩根士丹利,208,129,79
2026-08-24,2377,台灣摩根士丹利,540,341,199
2026-09-18,2377,摩根大通,1053,183,870
2026-09-17,2377,摩根大通,925,32,893
2026-09-16,2377,摩根大通,470,92,378
2026-09-15,2377,摩根大通,439,88,351
2026-09-14,2377,摩根大通,48,106,-58
2026-09-11,2377,摩根大通,452,93,359
2026-09-10,2377,摩根大通,974,442,532
2026-09-09,2377,摩根大通,239,116,123
2026-09-08,2377,摩根大通,744,89,655
2026-09-07,2377,摩根大通,99,506,-407
2026-09-04,2377,摩根大通,498,375,123
2026-09-03,2377,摩根大通,134,73,61
2026-09-02,2377,摩根大通,186,118,68
2026-09-01,2377,摩根大通,315,407,-92
2026-08-31,2377,摩根大通,651,225,426
2026-08-28,2377,摩根大通,593,140,453
2026-08-27,2377,摩根大通,56,767,-711
2026-08-26,2377,摩根大通,358,74,284
2026-08-25,2377,摩根大通,124,365,-241
2026-08-24,2377,摩根大通,804,17,787
2026-09-18,2377,美商高盛,241,233,8
2026-09-17,2377,美商高盛,624,296,328
2026-09-16,2377,美商高盛,264,324,-60
2026-09-15,2377,美商高盛,373,302,71
2026-09-14,2377,美商高盛,680,491,189
2026-09-11,2377,美商高盛,962,104,858
2026-09-10,2377,美商高盛,148,2685,-2537
2026-09-09,2377,美商高盛,1443,998,445
2026-09-08,2377,美商高盛,47,1115,-1068
2026-09-07,2377,美商高盛,588,2075,-1487
2026-09-04,2377,美商高盛,4106,301,3805
2026-09-03,2377,美商高盛,567,1121,-554
2026-09-02,2377,美商高盛,1224,405,819
2026-09-01,2377,美商高盛,1128,529,599
2026-08-31,2377,美商高盛,1827,784,1043
2026-08-28,2377,美商高盛,156,689,-533
2026-08-27,2377,美商高盛,819,334,485
2026-08-26,2377,美商高盛,819,664,155
2026-08-25,2377,美商高盛,276,183,93
2026-08-24,2377,美商高盛,675,409,266
2026-09-18,2377,美林,97,107,-10
2026-09-17,2377,美林,208,58,150
2026-09-16,2377,美林,19,18,1
2026-09-15,2377,美林,33,102,-69
2026-09-14,2377,美林,27,7,20
2026-09-11,2377,美林,4,0,4
2026-09-10,2377,美林,319,220,99
2026-09-09,2377,美林,11,51,-40
2026-09-08,2377,美林,4,163,-159
2026-09-07,2377,美林,29,160,-131
2026-09-04,2377,美林,233,14,219
2026-09-03,2377,美林,199,56,143
2026-09-02,2377,美林,22,21,1
2026-09-01,2377,美林,300,172,128
2026-08-31,2377,美林,2402,43,2359
2026-08-28,2377,美林,0,57,-57
2026-08-27,2377,美林,95,41,54
2026-08-26,2377,美林,82,9,73
2026-08-25,2377,美林,14,31,-17
2026-08-24,2377,美林,184,17,167
2026-09-18,2377,新加坡商瑞銀,1044,1663,-619
2026-09-17,2377,新加坡商瑞銀,62,173,-111
2026-09-16,2377,新加坡商瑞銀,478,165,313
2026-09-15,2377,新加坡商瑞銀,21,175,-154
2026-09-14,2377,新加坡商瑞銀,421,291,130
2026-09-11,2377,新加坡商瑞銀,602,65,537
2026-09-10,2377,新加坡商瑞銀,6,655,-649
2026-09-09,2377,新加坡商瑞銀,1482,86,1396
2026-09-08,2377,新加坡商瑞銀,96,612,-516
2026-09-07,2377,新加坡商瑞銀,66,1474,-1408
2026-09-04,2377,新加坡商瑞銀,2446,180,2266
2026-09-03,2377,新加坡商瑞銀,959,559,400
2026-09-02,2377,新加坡商瑞銀,847,109,738
2026-09-01,2377,新加坡商瑞銀,177,208,-31
2026-08-31,2377,新加坡商瑞銀,1164,169,995
2026-08-28,2377,新加坡商瑞銀,146,177,-31
2026-08-27,2377,新加坡商瑞銀,641,328,313
2026-08-26,2377,新加坡商瑞銀,508,244,264
2026-08-25,2377,新加坡商瑞銀,26,61,-35
2026-08-24,2377,新加坡商瑞銀,56,25,31
2026-09-18,2377,花旗環球,125,176,-51
2026-09-17,2377,花旗環球,52,244,-192
2026-09-16,2377,花旗環球,132,138,-6
2026-09-15,2377,花旗環球,432,55,377
2026-09-14,2377,花旗環球,755,56,699
2026-09-11,2377,花旗環球,0,7,-7
2026-09-10,2377,花旗環球,116,4,112
2026-09-09,2377,花旗環球,154,5,149
2026-09-08,2377,花旗環球,5,60,-55
2026-09-07,2377,花旗環球,137,0,137
2026-09-04,2377,花旗環球,76,1,75
2026-09-03,2377,花旗環球,8,14,-6
2026-09-02,2377,花旗環球,13,8,5
2026-09-01,2377,花旗環球,14,204,-190
2026-08-31,2377,花旗環球,452,2,450
2026-08-28,2377,花旗環球,22,42,-20
2026-08-27,2377,花旗環球,34,6,28
2026-08-26,2377,花旗環球,170,31,139
2026-08-25,2377,花旗環球,227,41,186
2026-08-24,2377,花旗環球,567,119,448
2026-09-18,2357,台灣摩根士丹利,451,268,183
2026-09-17,2357,台灣摩根士丹利,431,132,299
2026-09-16,2357,台灣摩根士丹利,156,145,11
2026-09-15,2357,台灣摩根士丹利,183,105,78
2026-09-14,2357,台灣摩根士丹利,133,239,-106
2026-09-11,2357,台灣摩根士丹利,190,441,-251
2026-09-10,2357,台灣摩根士丹利,92,221,-129
2026-09-09,2357,台灣摩根士丹利,224,77,147
2026-09-08,2357,台灣摩根士丹利,80,918,-838
2026-09-07,2357,台灣摩根士丹利,77,672,-595
2026-09-04,2357,台灣摩根士丹利,1130,82,1048
2026-09-03,2357,台灣摩根士丹利,71,438,-367
2026-09-02,2357,台灣摩根士丹利,592,68,524
2026-09-01,2357,台灣摩根士丹利,191,319,-128
2026-08-31,2357,台灣摩根士丹利,464,164,300
2026-08-28,2357,台灣摩根士丹利,30,230,-200
2026-08-27,2357,台灣摩根士丹利,50,146,-96
2026-08-26,2357,台灣摩根士丹利,174,142,32
2026-08-25,2357,台灣摩根士丹利,83,112,-29
2026-08-24,2357,台灣摩根士丹利,21,136,-115
2026-09-18,2357,摩根大通,443,219,224
2026-09-17,2357,摩根大通,362,285,77
2026-09-16,2357,摩根大通,39,427,-388
2026-09-15,2357,摩根大通,99,349,-250
2026-09-14,2357,摩根大通,184,207,-23
2026-09-11,2357,摩根大通,216,1085,-869
2026-09-10,2357,摩根大通,307,158,149
2026-09-09,2357,摩根大通,178,36,142
2026-09-08,2357,摩根大通,123,466,-343
2026-09-07,2357,摩根大通,116,860,-744
2026-09-04,2357,摩根大通,252,208,44
2026-09-03,2357,摩根大通,82,226,-144
2026-09-02,2357,摩根大通,60,86,-26
2026-09-01,2357,摩根大通,201,521,-320
2026-08-31,2357,摩根大通,342,406,-64
2026-08-28,2357,摩根大通,66,127,-61
2026-08-27,2357,摩根大通,96,119,-23
2026-08-26,2357,摩根大通,227,168,59
2026-08-25,2357,摩根大通,264,252,12
2026-08-24,2357,摩根大通,64,75,-11
2026-09-18,2357,美商高盛,373,500,-127
2026-09-17,2357,美商高盛,412,695,-283
2026-09-16,2357,美商高盛,213,232,-19
2026-09-15,2357,美商高盛,270,305,-35
2026-09-14,2357,美商高盛,320,271,49
2026-09-11,2357,美商高盛,320,234,86
2026-09-10,2357,美商高盛,207,202,5
2026-09-09,2357,美商高盛,200,351,-151
2026-09-08,2357,美商高盛,95,342,-247
2026-09-07,2357,美商高盛,87,596,-509
2026-09-04,2357,美商高盛,464,274,190
2026-09-03,2357,美商高盛,271,236,35
2026-09-02,2357,美商高盛,708,348,360
2026-09-01,2357,美商高盛,427,124,303
2026-08-31,2357,美商高盛,684,225,459
2026-08-28,2357,美商高盛,155,99,56
2026-08-27,2357,美商高盛,179,90,89
2026-08-26,2357,美商高盛,316,145,171
2026-08-25,2357,美商高盛,199,175,24
2026-08-24,2357,美商高盛,97,162,-65
2026-09-18,2357,美林,21,34,-13
2026-09-17,2357,美林,44,58,-14
2026-09-16,2357,美林,3,33,-30
2026-09-15,2357,美林,2,15,-13
2026-09-14,2357,美林,26,9,17
2026-09-11,2357,美林,25,116,-91
2026-09-10,2357,美林,280,70,210
2026-09-09,2357,美林,49,18,31
2026-09-08,2357,美林,65,213,-148
2026-09-07,2357,美林,36,12,24
2026-09-04,2357,美林,169,2,167
2026-09-03,2357,美林,95,81,14
2026-09-02,2357,美林,56,201,-145
2026-09-01,2357,美林,95,14,81
2026-08-31,2357,美林,198,42,156
2026-08-28,2357,美林,57,8,49
2026-08-27,2357,美林,75,10,65
2026-08-26,2357,美林,95,2,93
2026-08-25,2357,美林,214,62,152
2026-08-24,2357,美林,85,6,79
2026-09-18,2357,新加坡商瑞銀,181,229,-48
2026-09-17,2357,新加坡商瑞銀,141,203,-62
2026-09-16,2357,新加坡商瑞銀,193,161,32
2026-09-15,2357,新加坡商瑞銀,208,80,128
2026-09-14,2357,新加坡商瑞銀,330,79,251
2026-09-11,2357,新加坡商瑞銀,160,227,-67
2026-09-10,2357,新加坡商瑞銀,37,23,14
2026-09-09,2357,新加坡商瑞銀,152,111,41
2026-09-08,2357,新加坡商瑞銀,109,406,-297
2026-09-07,2357,新加坡商瑞銀,33,408,-375
2026-09-04,2357,新加坡商瑞銀,544,98,446
2026-09-03,2357,新加坡商瑞銀,57,246,-189
2026-09-02,2357,新加坡商瑞銀,270,77,193
2026-09-01,2357,新加坡商瑞銀,648,288,360
2026-08-31,2357,新加坡商瑞銀,809,858,-49
2026-08-28,2357,新加坡商瑞銀,89,65,24
2026-08-27,2357,新加坡商瑞銀,183,62,121
2026-08-26,2357,新加坡商瑞銀,565,48,517
2026-08-25,2357,新加坡商瑞銀,71,97,-26
2026-08-24,2357,新加坡商瑞銀,119,23,96
2026-09-18,2357,花旗環球,192,107,85
2026-09-17,2357,花旗環球,119,55,64
2026-09-16,2357,花旗環球,170,188,-18
2026-09-15,2357,花旗環球,104,34,70
2026-09-14,2357,花旗環球,193,1,192
2026-09-11,2357,花旗環球,32,108,-76
2026-09-10,2357,花旗環球,297,3,294
2026-09-09,2357,花旗環球,185,0,185
2026-09-08,2357,花旗環球,77,100,-23
2026-09-07,2357,花旗環球,21,1,20
2026-09-04,2357,花旗環球,103,58,45
2026-09-03,2357,花旗環球,130,9,121
2026-09-02,2357,花旗環球,4,31,-27
2026-09-01,2357,花旗環球,173,258,-85
2026-08-31,2357,花旗環球,80,194,-114
2026-08-28,2357,花旗環球,17,33,-16
2026-08-27,2357,花旗環球,29,20,9
2026-08-26,2357,花旗環球,58,57,1
2026-08-25,2357,花旗環球,105,13,92
2026-08-24,2357,花旗環球,212,22,190
2026-09-18,3661,台灣摩根士丹利,559,94,465
2026-09-17,3661,台灣摩根士丹利,194,81,113
2026-09-16,3661,台灣摩根士丹利,79,149,-70
2026-09-15,3661,台灣摩根士丹利,209,56,153
2026-09-14,3661,台灣摩根士丹利,205,107,98
2026-09-11,3661,台灣摩根士丹利,53,642,-589
2026-09-10,3661,台灣摩根士丹利,125,146,-21
2026-09-09,3661,台灣摩根士丹利,74,164,-90
2026-09-08,3661,台灣摩根士丹利,94,125,-31
2026-09-07,3661,台灣摩根士丹利,68,134,-66
2026-09-04,3661,台灣摩根士丹利,115,78,37
2026-09-03,3661,台灣摩根士丹利,108,89,19
2026-09-02,3661,台灣摩根士丹利,135,89,46
2026-09-01,3661,台灣摩根士丹利,100,101,-1
2026-08-31,3661,台灣摩根士丹利,164,172,-8
2026-08-28,3661,台灣摩根士丹利,199,53,146
2026-08-27,3661,台灣摩根士丹利,11,134,-123
2026-08-26,3661,台灣摩根士丹利,95,118,-23
2026-08-25,3661,台灣摩根士丹利,60,68,-8
2026-08-24,3661,台灣摩根士丹利,37,48,-11
2026-09-18,3661,摩根大通,424,112,312
2026-09-17,3661,摩根大通,79,34,45
2026-09-16,3661,摩根大通,35,17,18
2026-09-15,3661,摩根大通,49,249,-200
2026-09-14,3661,摩根大通,59,91,-32
2026-09-11,3661,摩根大通,24,111,-87
2026-09-10,3661,摩根大通,32,40,-8
2026-09-09,3661,摩根大通,69,49,20
2026-09-08,3661,摩根大通,49,51,-2
2026-09-07,3661,摩根大通,36,20,16
2026-09-04,3661,摩根大通,50,17,33
2026-09-03,3661,摩根大通,27,34,-7
2026-09-02,3661,摩根大通,45,24,21
2026-09-01,3661,摩根大通,140,54,86
2026-08-31,3661,摩根大通,91,76,15
2026-08-28,3661,摩根大通,88,26,62
2026-08-27,3661,摩根大通,21,46,-25
2026-08-26,3661,摩根大通,32,38,-6
2026-08-25,3661,摩根大通,55,47,8
2026-08-24,3661,摩根大通,28,26,2
2026-09-18,3661,美商高盛,876,35,841
2026-09-17,3661,美商高盛,312,284,28
2026-09-16,3661,美商高盛,141,52,89
2026-09-15,3661,美商高盛,170,236,-66
2026-09-14,3661,美商高盛,178,76,102
2026-09-11,3661,美商高盛,106,415,-309
2026-09-10,3661,美商高盛,118,315,-197
2026-09-09,3661,美商高盛,105,235,-130
2026-09-08,3661,美商高盛,140,116,24
2026-09-07,3661,美商高盛,217,168,49
2026-09-04,3661,美商高盛,132,124,8
2026-09-03,3661,美商高盛,101,159,-58
2026-09-02,3661,美商高盛,135,99,36
2026-09-01,3661,美商高盛,258,152,106
2026-08-31,3661,美商高盛,151,142,9
2026-08-28,3661,美商高盛,178,69,109
2026-08-27,3661,美商高盛,157,105,52
2026-08-26,3661,美商高盛,145,202,-57
2026-08-25,3661,美商高盛,72,102,-30
2026-08-24,3661,美商高盛,58,98,-40
2026-09-18,3661,美林,98,63,35
2026-09-17,3661,美林,28,212,-184
2026-09-16,3661,美林,22,11,11
2026-09-15,3661,美林,26,209,-183
2026-09-14,3661,美林,108,12,96
2026-09-11,3661,美林,23,175,-152
2026-09-10,3661,美林,31,36,-5
2026-09-09,3661,美林,45,130,-85
2026-09-08,3661,美林,63,29,34
2026-09-07,3661,美林,48,374,-326
2026-09-04,3661,美林,28,5,23
2026-09-03,3661,美林,28,3,25
2026-09-02,3661,美林,11,74,-63
2026-09-01,3661,美林,65,69,-4
2026-08-31,3661,美林,43,82,-39
2026-08-28,3661,美林,33,22,11
2026-08-27,3661,美林,20,44,-24
2026-08-26,3661,美林,56,29,27
2026-08-25,3661,美林,22,15,7
2026-08-24,3661,美林,11,35,-24
2026-09-18,3661,新加坡商瑞銀,932,126,806
2026-09-17,3661,新加坡商瑞銀,116,211,-95
2026-09-16,3661,新加坡商瑞銀,81,120,-39
2026-09-15,3661,新加坡商瑞銀,125,62,63
2026-09-14,3661,新加坡商瑞銀,141,91,50
2026-09-11,3661,新加坡商瑞銀,7,672,-665
2026-09-10,3661,新加坡商瑞銀,155,60,95
2026-09-09,3661,新加坡商瑞銀,111,224,-113
2026-09-08,3661,新加坡商瑞銀,83,202,-119
2026-09-07,3661,新加坡商瑞銀,192,129,63
2026-09-04,3661,新加坡商瑞銀,41,41,0
2026-09-03,3661,新加坡商瑞銀,137,51,86
2026-09-02,3661,新加坡商瑞銀,55,40,15
2026-09-01,3661,新加坡商瑞銀,38,30,8
2026-08-31,3661,新加坡商瑞銀,195,50,145
2026-08-28,3661,新加坡商瑞銀,76,37,39
2026-08-27,3661,新加坡商瑞銀,8,47,-39
2026-08-26,3661,新加坡商瑞銀,20,21,-1
2026-08-25,3661,新加坡商瑞銀,37,17,20
2026-08-24,3661,新加坡商瑞銀,44,42,2
2026-09-18,3661,花旗環球,81,118,-37
2026-09-17,3661,花旗環球,41,10,31
2026-09-16,3661,花旗環球,23,205,-182
2026-09-15,3661,花旗環球,45,25,20
2026-09-14,3661,花旗環球,6,3,3
2026-09-11,3661,花旗環球,2,53,-51
2026-09-10,3661,花旗環球,7,1,6
2026-09-09,3661,花旗環球,6,55,-49
2026-09-08,3661,花旗環球,3,12,-9
2026-09-07,3661,花旗環球,6,172,-166
2026-09-04,3661,花旗環球,9,2,7
2026-09-03,3661,花旗環球,0,21,-21
2026-09-02,3661,花旗環球,0,9,-9
2026-09-01,3661,花旗環球,4,2,2
2026-08-31,3661,花旗環球,61,41,20
2026-08-28,3661,花旗環球,0,7,-7
2026-08-27,3661,花旗環球,1,8,-7
2026-08-26,3661,花旗環球,2,75,-73
2026-08-25,3661,花旗環球,8,16,-8
2026-08-24,3661,花旗環球,27,6,21
2026-09-20,2330,台灣摩根士丹利,1807,1435,372
2026-09-20,2330,摩根大通,7768,2389,5379
2026-09-20,2330,美商高盛,3875,2551,1324
2026-09-20,2330,美林,729,1443,-714
2026-09-20,2330,新加坡商瑞銀,1678,1799,-121
2026-09-20,2317,台灣摩根士丹利,2481,4018,-1537
2026-09-20,2317,摩根大通,5349,9651,-4302
2026-09-20,2317,美商高盛,3729,1763,1966
2026-09-20,2317,美林,579,2486,-1907
2026-09-20,2317,花旗環球,4200,1735,2465
2026-09-20,2454,台灣摩根士丹利,800,354,446
2026-09-20,2454,摩根大通,1140,150,990
2026-09-20,2454,美商高盛,716,438,278
2026-09-20,2454,美林,512,185,327
2026-09-20,2454,新加坡商瑞銀,668,432,236
2026-09-20,2454,花旗環球,436,328,108
2026-09-20,2382,台灣摩根士丹利,2037,2718,-681
2026-09-20,2382,摩根大通,1090,1818,-728
2026-09-20,2382,美商高盛,1210,905,305
2026-09-20,2382,美林,1050,799,251
2026-09-20,2382,新加坡商瑞銀,384,1849,-1465
2026-09-20,2382,花旗環球,1057,4503,-3446
2026-09-20,3231,台灣摩根士丹利,3281,2469,812
2026-09-20,3231,摩根大通,3129,3907,-778
2026-09-20,3231,美商高盛,3337,3177,160
2026-09-20,3231,美林,832,1203,-371
2026-09-20,3231,新加坡商瑞銀,1621,3348,-1727
2026-09-20,3231,花旗環球,2857,2727,130
2026-09-20,2308,台灣摩根士丹利,1307,292,1015
2026-09-20,2308,摩根大通,1776,253,1523
2026-09-20,2308,美商高盛,2004,374,1630
2026-09-20,2308,美林,666,465,201
2026-09-20,2308,新加坡商瑞銀,585,755,-170
2026-09-20,2308,花旗環球,580,447,133
2026-09-20,3017,台灣摩根士丹利,205,313,-108
2026-09-20,3017,摩根大通,256,175,81
2026-09-20,3017,美商高盛,262,231,31
2026-09-20,3017,美林,101,135,-34
2026-09-20,3017,新加坡商瑞銀,230,386,-156
2026-09-20,3017,花旗環球,266,145,121
2026-09-20,2368,台灣摩根士丹利,415,585,-170
2026-09-20,2368,摩根大通,717,523,194
2026-09-20,2368,美商高盛,722,790,-68
2026-09-20,2368,美林,269,8,261
2026-09-20,2368,新加坡商瑞銀,291,423,-132
2026-09-20,2368,花旗環球,203,534,-331
2026-09-20,3189,台灣摩根士丹利,1393,874,519
2026-09-20,3189,摩根大通,702,866,-164
2026-09-20,3189,美商高盛,1149,1466,-317
2026-09-20,3189,美林,367,453,-86
2026-09-20,3189,新加坡商瑞銀,1594,683,911
2026-09-20,3189,花旗環球,447,34,413
2026-09-20,2327,台灣摩根士丹利,1942,1846,96
2026-09-20,2327,摩根大通,1606,1022,584
2026-09-20,2327,美商高盛,2816,1994,822
2026-09-20,2327,新加坡商瑞銀,515,1212,-697
2026-09-20,2327,花旗環球,599,377,222
2026-09-20,2344,台灣摩根士丹利,6834,4465,2369
2026-09-20,2344,摩根大通,4418,4105,313
2026-09-20,2344,美商高盛,8914,1985,6929
2026-09-20,2344,美林,5144,2062,3082
2026-09-20,2344,新加坡商瑞銀,26792,7805,18987
2026-09-20,2344,花旗環球,2522,802,1720
2026-09-20,2408,台灣摩根士丹利,6091,2612,3479
2026-09-20,2408,摩根大通,13628,1067,12561
2026-09-20,2408,美商高盛,4903,3205,1698
2026-09-20,2408,美林,5112,91,5021
2026-09-20,2408,新加坡商瑞銀,7269,4171,3098
2026-09-20,2408,花旗環球,584,327,257
2026-09-20,6770,台灣摩根士丹利,16755,1075,15680
2026-09-20,6770,摩根大通,30526,1242,29284
2026-09-20,6770,美商高盛,15672,2608,13064
2026-09-20,6770,美林,2467,5149,-2682
2026-09-20,6770,新加坡商瑞銀,8299,4674,3625
2026-09-20,3711,台灣摩根士丹利,2536,494,2042
2026-09-20,3711,摩根大通,3567,944,2623
2026-09-20,3711,美商高盛,2822,1608,1214
2026-09-20,3711,美林,651,337,314
2026-09-20,3711,新加坡商瑞銀,3523,4381,-858
2026-09-20,3711,花旗環球,1180,1470,-290
2026-09-20,3037,台灣摩根士丹利,2201,406,1795
2026-09-20,3037,摩根大通,1306,782,524
2026-09-20,3037,美商高盛,1132,1603,-471
2026-09-20,3037,美林,469,863,-394
2026-09-20,3037,新加坡商瑞銀,647,371,276
2026-09-20,3037,花旗環球,549,232,317
2026-09-20,6669,摩根大通,223,275,-52
2026-09-20,6669,美林,126,95,31
2026-09-20,6669,新加坡商瑞銀,46,77,-31
2026-09-20,6669,花旗環球,98,339,-241
2026-09-20,2376,台灣摩根士丹利,288,357,-69
2026-09-20,2376,摩根大通,334,218,116
2026-09-20,2376,美商高盛,257,188,69
2026-09-20,2376,美林,382,289,93
2026-09-20,2376,新加坡商瑞銀,246,412,-166
2026-09-20,2376,花旗環球,578,386,192
2026-09-20,2377,台灣摩根士丹利,295,429,-134
2026-09-20,2377,摩根大通,1053,183,870
2026-09-20,2377,新加坡商瑞銀,1044,1663,-619
2026-09-20,2377,花旗環球,125,176,-51
2026-09-20,2357,台灣摩根士丹利,451,268,183
2026-09-20,2357,摩根大通,443,219,224
2026-09-20,2357,美商高盛,373,500,-127
2026-09-20,2357,美林,21,34,-13
2026-09-20,2357,新加坡商瑞銀,181,229,-48
2026-09-20,2357,花旗環球,192,107,85
2026-09-20,3661,台灣摩根士丹利,559,94,465
2026-09-20,3661,摩根大通,424,112,312
2026-09-20,3661,美商高盛,876,35,841
2026-09-20,3661,美林,98,63,35
2026-09-20,3661,新加坡商瑞銀,932,126,806
2026-09-20,3661,花旗環球,81,118,-37
